unique_id,ds,cutoff,NHITS,NBEATSx,TiDE,y
CMG,2025-12-13 08:00:00,2025-12-13 07:00:00,-22.698341,-4.0051193,37.07852,0.0
CMG,2025-12-13 09:00:00,2025-12-13 07:00:00,27.425514,73.02892,85.30495,0.0
CMG,2025-12-13 10:00:00,2025-12-13 07:00:00,119.82272,90.74297,87.26187,21.403126666666665
CMG,2025-12-13 11:00:00,2025-12-13 07:00:00,159.77829,112.34319,78.89307,147.56757666666667
CMG,2025-12-13 12:00:00,2025-12-13 07:00:00,158.79399,120.45136,112.00699,48.964079999999996
CMG,2025-12-13 13:00:00,2025-12-13 07:00:00,145.38712,119.52495,104.55169,45.95448
CMG,2025-12-13 14:00:00,2025-12-13 07:00:00,132.61563,134.4219,71.054245,33.4356
CMG,2025-12-13 15:00:00,2025-12-13 07:00:00,130.00964,129.55109,86.37071,0.0
CMG,2025-12-13 16:00:00,2025-12-13 07:00:00,118.838425,100.12857,84.80675,0.0
CMG,2025-12-13 17:00:00,2025-12-13 07:00:00,105.49429,65.53471,74.79054,0.0
CMG,2025-12-13 18:00:00,2025-12-13 07:00:00,105.47593,35.65969,41.483414,0.0
CMG,2025-12-13 19:00:00,2025-12-13 07:00:00,112.41733,68.87405,33.84796,45.786390000000004
CMG,2025-12-13 20:00:00,2025-12-13 07:00:00,131.28903,94.317665,60.052387,76.65925
CMG,2025-12-13 21:00:00,2025-12-13 07:00:00,122.81127,77.42465,58.25438,45.69852
CMG,2025-12-13 22:00:00,2025-12-13 07:00:00,120.42932,80.09932,66.79577,78.107
CMG,2025-12-13 23:00:00,2025-12-13 07:00:00,129.8567,65.12823,94.239105,78.92850666666668
CMG,2025-12-14 00:00:00,2025-12-13 07:00:00,114.56543,65.16145,59.155624,43.158656666666666
CMG,2025-12-14 01:00:00,2025-12-13 07:00:00,94.53612,78.34677,52.439182,51.78380333333333
CMG,2025-12-14 02:00:00,2025-12-13 07:00:00,86.19936,66.157555,60.00841,58.80612333333334
CMG,2025-12-14 03:00:00,2025-12-13 07:00:00,71.983864,58.127953,75.63257,49.76739666666666
CMG,2025-12-14 04:00:00,2025-12-13 07:00:00,66.97687,36.137493,52.439114,54.33781333333334
CMG,2025-12-14 05:00:00,2025-12-13 07:00:00,56.370335,4.810272,57.786545,46.8872
CMG,2025-12-14 06:00:00,2025-12-13 07:00:00,42.122314,2.8698044,71.37693,62.11299666666667
CMG,2025-12-14 07:00:00,2025-12-13 07:00:00,29.089775,-1.0692749,47.520668,38.69724333333333
CMG,2025-12-14 08:00:00,2025-12-14 07:00:00,-11.314468,-2.133751,25.560188,0.0
CMG,2025-12-14 09:00:00,2025-12-14 07:00:00,2.0481262,-14.115784,69.71683,0.0
CMG,2025-12-14 10:00:00,2025-12-14 07:00:00,27.910698,13.540123,72.41294,0.0
CMG,2025-12-14 11:00:00,2025-12-14 07:00:00,35.279675,11.223404,77.01244,0.0
CMG,2025-12-14 12:00:00,2025-12-14 07:00:00,27.73851,-2.3183517,72.66001,0.0
CMG,2025-12-14 13:00:00,2025-12-14 07:00:00,14.07489,-0.19268799,53.013817,0.0
CMG,2025-12-14 14:00:00,2025-12-14 07:00:00,8.034317,10.28035,31.992928,0.0
CMG,2025-12-14 15:00:00,2025-12-14 07:00:00,3.0797806,3.6186066,31.084053,0.0
CMG,2025-12-14 16:00:00,2025-12-14 07:00:00,-4.613617,-19.657372,24.302727,0.0
CMG,2025-12-14 17:00:00,2025-12-14 07:00:00,-13.6191635,-15.54306,34.913723,0.0
CMG,2025-12-14 18:00:00,2025-12-14 07:00:00,-21.457878,-5.148735,12.627594,0.0
CMG,2025-12-14 19:00:00,2025-12-14 07:00:00,-15.95266,23.126701,14.619942,0.0
CMG,2025-12-14 20:00:00,2025-12-14 07:00:00,-15.466576,31.040596,54.058987,0.0
CMG,2025-12-14 21:00:00,2025-12-14 07:00:00,-8.564774,40.564533,56.22815,84.98258666666668
CMG,2025-12-14 22:00:00,2025-12-14 07:00:00,15.396019,66.16231,46.504654,50.26656666666667
CMG,2025-12-14 23:00:00,2025-12-14 07:00:00,24.628555,73.37811,75.58177,56.63139
CMG,2025-12-15 00:00:00,2025-12-14 07:00:00,18.241776,45.481606,79.35647,63.86133
CMG,2025-12-15 01:00:00,2025-12-14 07:00:00,22.70697,27.124153,67.42596,65.45929333333333
CMG,2025-12-15 02:00:00,2025-12-14 07:00:00,24.817497,18.984161,61.427174,68.23553333333334
CMG,2025-12-15 03:00:00,2025-12-14 07:00:00,10.7471695,15.72673,81.83877,57.33995000000001
CMG,2025-12-15 04:00:00,2025-12-14 07:00:00,9.806725,16.852806,54.337936,60.389559999999996
CMG,2025-12-15 05:00:00,2025-12-14 07:00:00,18.842583,14.724144,65.17362,76.49024333333334
CMG,2025-12-15 06:00:00,2025-12-14 07:00:00,31.162743,43.94549,96.953896,80.02936999999999
CMG,2025-12-15 07:00:00,2025-12-14 07:00:00,37.632507,91.35432,92.32049,80.44071
CMG,2025-12-15 08:00:00,2025-12-15 07:00:00,-8.417778,62.6505,58.605316,0.0
CMG,2025-12-15 09:00:00,2025-12-15 07:00:00,26.713242,73.83902,77.298065,0.0
CMG,2025-12-15 10:00:00,2025-12-15 07:00:00,88.09735,124.434555,92.35881,296.55707666666666
CMG,2025-12-15 11:00:00,2025-12-15 07:00:00,123.42067,152.89464,115.11173,887.02651
CMG,2025-12-15 12:00:00,2025-12-15 07:00:00,127.843,153.5586,121.29351,866.2631066666667
CMG,2025-12-15 13:00:00,2025-12-15 07:00:00,125.28095,143.81548,112.05701,146.07469333333333
CMG,2025-12-15 14:00:00,2025-12-15 07:00:00,130.98691,126.60569,92.7242,44.59475333333334
CMG,2025-12-15 15:00:00,2025-12-15 07:00:00,142.63707,96.229515,59.962467,0.0
CMG,2025-12-15 16:00:00,2025-12-15 07:00:00,126.017456,82.88639,59.61222,0.0
CMG,2025-12-15 17:00:00,2025-12-15 07:00:00,108.2091,92.10243,68.8321,0.0
CMG,2025-12-15 18:00:00,2025-12-15 07:00:00,89.263504,77.73478,37.961266,0.0
CMG,2025-12-15 19:00:00,2025-12-15 07:00:00,81.98278,49.15079,48.63051,0.0
CMG,2025-12-15 20:00:00,2025-12-15 07:00:00,101.27386,51.899124,79.08197,65.88357333333333
CMG,2025-12-15 21:00:00,2025-12-15 07:00:00,133.17719,80.71567,102.250824,61.10223
CMG,2025-12-15 22:00:00,2025-12-15 07:00:00,155.17792,122.64148,105.1729,61.193086666666666
CMG,2025-12-15 23:00:00,2025-12-15 07:00:00,171.02283,107.46418,111.22747,64.18696333333334
CMG,2025-12-16 00:00:00,2025-12-15 07:00:00,160.8873,101.63329,106.69091,132.52117666666666
CMG,2025-12-16 01:00:00,2025-12-15 07:00:00,153.33672,112.99336,122.55945,55.68622333333334
CMG,2025-12-16 02:00:00,2025-12-15 07:00:00,147.76273,98.69608,104.966866,52.515726666666666
CMG,2025-12-16 03:00:00,2025-12-15 07:00:00,135.49222,101.29699,98.79074,50.74588666666667
CMG,2025-12-16 04:00:00,2025-12-15 07:00:00,120.706894,100.992516,92.41819,80.12790666666668
CMG,2025-12-16 05:00:00,2025-12-15 07:00:00,113.39331,105.18565,116.686424,109.31993333333332
CMG,2025-12-16 06:00:00,2025-12-15 07:00:00,102.56851,88.84662,134.49692,108.3901
CMG,2025-12-16 07:00:00,2025-12-15 07:00:00,102.20817,82.54223,117.235794,59.84875666666667
CMG,2025-12-16 08:00:00,2025-12-16 07:00:00,86.79882,24.827217,57.125027,65.61329
CMG,2025-12-16 09:00:00,2025-12-16 07:00:00,122.05358,-16.540054,117.59506,147.51726
CMG,2025-12-16 10:00:00,2025-12-16 07:00:00,106.186516,-25.567131,183.19147,148.96018999999998
CMG,2025-12-16 11:00:00,2025-12-16 07:00:00,148.97238,-23.235558,304.6282,150.23821999999998
CMG,2025-12-16 12:00:00,2025-12-16 07:00:00,154.90797,-22.375053,287.78348,148.78079333333332
CMG,2025-12-16 13:00:00,2025-12-16 07:00:00,132.37779,-13.633774,158.6803,144.52826333333334
CMG,2025-12-16 14:00:00,2025-12-16 07:00:00,92.77357,-5.318657,110.64855,141.15755666666666
CMG,2025-12-16 15:00:00,2025-12-16 07:00:00,51.542946,-20.682076,180.97458,139.0518966666667
CMG,2025-12-16 16:00:00,2025-12-16 07:00:00,55.40977,-31.855858,155.79187,140.97212666666667
CMG,2025-12-16 17:00:00,2025-12-16 07:00:00,74.701485,-37.883034,139.7979,0.0
CMG,2025-12-16 18:00:00,2025-12-16 07:00:00,53.455593,-62.69323,72.31688,0.0
CMG,2025-12-16 19:00:00,2025-12-16 07:00:00,90.350716,-18.965042,38.291748,0.0
CMG,2025-12-16 20:00:00,2025-12-16 07:00:00,134.02776,53.1662,93.2651,66.35431
CMG,2025-12-16 21:00:00,2025-12-16 07:00:00,83.68817,27.1091,121.55084,74.43502000000001
CMG,2025-12-16 22:00:00,2025-12-16 07:00:00,55.546112,2.2159348,104.89898,133.85187333333332
CMG,2025-12-16 23:00:00,2025-12-16 07:00:00,45.802826,12.495674,75.94121,129.04805
CMG,2025-12-17 00:00:00,2025-12-16 07:00:00,36.648758,11.476631,78.07618,110.58123333333333
CMG,2025-12-17 01:00:00,2025-12-16 07:00:00,26.478676,-3.7793655,132.70947,89.98037
CMG,2025-12-17 02:00:00,2025-12-16 07:00:00,29.55288,9.276566,161.49023,88.75328333333334
CMG,2025-12-17 03:00:00,2025-12-16 07:00:00,36.133003,15.2441025,146.90408,57.02722666666667
CMG,2025-12-17 04:00:00,2025-12-16 07:00:00,63.595974,55.229156,121.2341,64.66182333333334
CMG,2025-12-17 05:00:00,2025-12-16 07:00:00,88.89044,73.1016,172.14755,54.31840666666667
CMG,2025-12-17 06:00:00,2025-12-16 07:00:00,78.07011,57.333824,178.19513,67.48706666666668
CMG,2025-12-17 07:00:00,2025-12-16 07:00:00,81.03757,45.33048,166.62576,56.961513333333336
CMG,2025-12-17 08:00:00,2025-12-17 07:00:00,2.0799713,15.355362,46.043446,21.96554666666667
CMG,2025-12-17 09:00:00,2025-12-17 07:00:00,46.178993,27.84644,78.54476,47.93795
CMG,2025-12-17 10:00:00,2025-12-17 07:00:00,147.6431,34.955433,147.81631,126.75728666666667
CMG,2025-12-17 11:00:00,2025-12-17 07:00:00,159.95139,43.915455,227.43576,144.8240033333333
CMG,2025-12-17 12:00:00,2025-12-17 07:00:00,92.54496,37.62716,217.01132,140.74080333333333
CMG,2025-12-17 13:00:00,2025-12-17 07:00:00,67.74143,25.361,100.18843,129.74518333333333
CMG,2025-12-17 14:00:00,2025-12-17 07:00:00,90.54654,12.002296,112.018845,133.06593
CMG,2025-12-17 15:00:00,2025-12-17 07:00:00,99.64565,23.680054,150.34424,131.18882
CMG,2025-12-17 16:00:00,2025-12-17 07:00:00,84.47732,37.43305,107.45908,118.82052333333333
CMG,2025-12-17 17:00:00,2025-12-17 07:00:00,64.98858,27.587563,85.85574,0.0
CMG,2025-12-17 18:00:00,2025-12-17 07:00:00,61.363007,24.766289,89.738174,0.0
CMG,2025-12-17 19:00:00,2025-12-17 07:00:00,70.67385,94.08567,73.22893,0.0
CMG,2025-12-17 20:00:00,2025-12-17 07:00:00,89.98894,134.3635,44.564114,71.78512333333333
CMG,2025-12-17 21:00:00,2025-12-17 07:00:00,114.138985,118.40577,22.474457,124.40662000000002
CMG,2025-12-17 22:00:00,2025-12-17 07:00:00,145.72685,83.37774,36.1853,133.43862666666666
CMG,2025-12-17 23:00:00,2025-12-17 07:00:00,131.00493,80.04084,50.2666,129.48783
CMG,2025-12-18 00:00:00,2025-12-17 07:00:00,73.925255,64.36621,69.675674,130.95435666666665
CMG,2025-12-18 01:00:00,2025-12-17 07:00:00,26.786846,48.697933,135.84796,58.05912
CMG,2025-12-18 02:00:00,2025-12-17 07:00:00,30.001064,28.182972,76.729004,58.28455
CMG,2025-12-18 03:00:00,2025-12-17 07:00:00,27.957306,17.75898,33.12743,126.47014999999999
CMG,2025-12-18 04:00:00,2025-12-17 07:00:00,26.074173,28.525131,48.54058,56.02661666666666
CMG,2025-12-18 05:00:00,2025-12-17 07:00:00,34.437717,26.765255,77.85913,56.201503333333335
CMG,2025-12-18 06:00:00,2025-12-17 07:00:00,70.52051,32.49143,86.87503,60.448566666666665
CMG,2025-12-18 07:00:00,2025-12-17 07:00:00,97.112305,51.54102,75.02068,137.40455666666665
CMG,2025-12-18 08:00:00,2025-12-18 07:00:00,73.94648,57.656464,120.18299,137.87453666666667
CMG,2025-12-18 09:00:00,2025-12-18 07:00:00,76.87391,60.219334,91.8282,145.09111
CMG,2025-12-18 10:00:00,2025-12-18 07:00:00,117.676575,92.342476,105.773346,143.36039
CMG,2025-12-18 11:00:00,2025-12-18 07:00:00,120.98831,162.88895,200.81955,141.35165333333333
CMG,2025-12-18 12:00:00,2025-12-18 07:00:00,121.78697,160.18271,192.12933,139.40948333333333
CMG,2025-12-18 13:00:00,2025-12-18 07:00:00,120.94655,133.9022,127.78848,138.90827333333334
CMG,2025-12-18 14:00:00,2025-12-18 07:00:00,119.34944,132.4226,99.51993,140.85044333333335
CMG,2025-12-18 15:00:00,2025-12-18 07:00:00,104.8629,127.265366,81.04602,145.23599000000002
CMG,2025-12-18 16:00:00,2025-12-18 07:00:00,98.963905,114.41676,78.67083,143.66972666666666
CMG,2025-12-18 17:00:00,2025-12-18 07:00:00,113.43791,77.12637,53.16892,148.75226
CMG,2025-12-18 18:00:00,2025-12-18 07:00:00,121.60484,51.82245,46.66407,130.91462666666666
CMG,2025-12-18 19:00:00,2025-12-18 07:00:00,131.4067,105.41326,82.55074,138.82646333333332
CMG,2025-12-18 20:00:00,2025-12-18 07:00:00,119.79849,145.9045,129.72601,88.24083
CMG,2025-12-18 21:00:00,2025-12-18 07:00:00,113.37503,142.81454,141.70499,86.79879333333334
CMG,2025-12-18 22:00:00,2025-12-18 07:00:00,108.604866,150.86502,99.9674,140.90315666666666
CMG,2025-12-18 23:00:00,2025-12-18 07:00:00,89.796585,192.6203,63.846436,110.81
CMG,2025-12-19 00:00:00,2025-12-18 07:00:00,98.69315,207.33302,50.55374,120.88825333333334
CMG,2025-12-19 01:00:00,2025-12-18 07:00:00,89.99896,183.6502,84.82925,124.45164
CMG,2025-12-19 02:00:00,2025-12-18 07:00:00,80.26874,165.55109,93.97636,125.62028666666667
CMG,2025-12-19 03:00:00,2025-12-18 07:00:00,91.67278,142.40619,77.3107,72.26914333333333
CMG,2025-12-19 04:00:00,2025-12-18 07:00:00,90.2832,128.39877,58.867302,77.05466333333334
CMG,2025-12-19 05:00:00,2025-12-18 07:00:00,110.83538,145.39957,125.76658,119.42863333333332
CMG,2025-12-19 06:00:00,2025-12-18 07:00:00,155.0135,153.07996,107.91618,146.90033333333335
CMG,2025-12-19 07:00:00,2025-12-18 07:00:00,180.25336,145.30637,52.101,108.17914666666667
CMG,2025-12-19 08:00:00,2025-12-19 07:00:00,144.25044,110.75223,102.400894,0.0
CMG,2025-12-19 09:00:00,2025-12-19 07:00:00,169.82959,178.15103,120.04201,148.00859666666668
CMG,2025-12-19 10:00:00,2025-12-19 07:00:00,202.66658,201.00293,113.19026,148.9062
CMG,2025-12-19 11:00:00,2025-12-19 07:00:00,173.358,175.12581,193.12311,146.99104666666668
CMG,2025-12-19 12:00:00,2025-12-19 07:00:00,141.3307,158.73108,213.5632,147.75710999999998
CMG,2025-12-19 13:00:00,2025-12-19 07:00:00,137.44566,172.92935,145.45972,142.80479
CMG,2025-12-19 14:00:00,2025-12-19 07:00:00,158.6176,163.1532,133.75024,145.11071666666666
CMG,2025-12-19 15:00:00,2025-12-19 07:00:00,166.89005,89.00998,100.58508,140.44083333333333
CMG,2025-12-19 16:00:00,2025-12-19 07:00:00,153.1759,47.270638,39.53798,144.039
CMG,2025-12-19 17:00:00,2025-12-19 07:00:00,136.21494,11.964729,11.311913,140.6072
CMG,2025-12-19 18:00:00,2025-12-19 07:00:00,111.8489,-39.94355,38.85652,134.00447333333332
CMG,2025-12-19 19:00:00,2025-12-19 07:00:00,138.60333,-38.034195,66.29013,134.49960666666666
CMG,2025-12-19 20:00:00,2025-12-19 07:00:00,199.09665,25.146595,71.18524,133.68939
CMG,2025-12-19 21:00:00,2025-12-19 07:00:00,92.408936,78.47666,51.71321,138.44191
CMG,2025-12-19 22:00:00,2025-12-19 07:00:00,53.525852,139.32861,66.10779,136.14254666666668
CMG,2025-12-19 23:00:00,2025-12-19 07:00:00,86.84605,141.09433,123.05356,144.07367
CMG,2025-12-20 00:00:00,2025-12-19 07:00:00,101.43735,108.27164,103.86992,78.09113666666667
CMG,2025-12-20 01:00:00,2025-12-19 07:00:00,65.69038,51.118553,32.84056,59.228026666666665
CMG,2025-12-20 02:00:00,2025-12-19 07:00:00,44.91265,8.066742,73.90694,57.588136666666664
CMG,2025-12-20 03:00:00,2025-12-19 07:00:00,54.088165,14.567459,93.00547,51.57924
CMG,2025-12-20 04:00:00,2025-12-19 07:00:00,61.76738,22.240799,76.30864,47.00462666666667
CMG,2025-12-20 05:00:00,2025-12-19 07:00:00,49.04991,41.750763,99.22031,47.46059666666667
CMG,2025-12-20 06:00:00,2025-12-19 07:00:00,1.6944962,59.619267,69.20008,46.82910666666667
CMG,2025-12-20 07:00:00,2025-12-19 07:00:00,-24.576637,54.018456,29.532131,46.177846666666674
CMG,2025-12-20 08:00:00,2025-12-20 07:00:00,-0.9404068,-5.0028152,39.359085,0.0
CMG,2025-12-20 09:00:00,2025-12-20 07:00:00,73.555214,32.830017,66.77271,0.0
CMG,2025-12-20 10:00:00,2025-12-20 07:00:00,77.98025,73.531204,94.900055,43.96203333333333
CMG,2025-12-20 11:00:00,2025-12-20 07:00:00,41.410397,88.009834,143.47148,0.0
CMG,2025-12-20 12:00:00,2025-12-20 07:00:00,52.037857,89.53085,169.61104,0.0
CMG,2025-12-20 13:00:00,2025-12-20 07:00:00,86.7187,108.9297,124.62473,0.0
CMG,2025-12-20 14:00:00,2025-12-20 07:00:00,89.25491,128.6291,94.490425,0.0
CMG,2025-12-20 15:00:00,2025-12-20 07:00:00,93.029015,111.24526,43.8063,0.0
CMG,2025-12-20 16:00:00,2025-12-20 07:00:00,81.20361,76.773125,50.160065,0.0
CMG,2025-12-20 17:00:00,2025-12-20 07:00:00,59.675125,68.54278,36.075813,0.0
CMG,2025-12-20 18:00:00,2025-12-20 07:00:00,31.539165,61.8406,32.188465,81.65187333333334
CMG,2025-12-20 19:00:00,2025-12-20 07:00:00,38.497585,95.501884,67.47809,83.97884666666667
CMG,2025-12-20 20:00:00,2025-12-20 07:00:00,141.64159,151.18605,86.04266,54.435476666666666
CMG,2025-12-20 21:00:00,2025-12-20 07:00:00,216.00508,164.48282,93.785324,66.46
CMG,2025-12-20 22:00:00,2025-12-20 07:00:00,191.14699,178.00165,85.21445,66.52639666666666
CMG,2025-12-20 23:00:00,2025-12-20 07:00:00,175.77008,163.34761,48.777477,66.5654
CMG,2025-12-21 00:00:00,2025-12-20 07:00:00,182.42009,143.24614,28.26519,54.68658666666666
CMG,2025-12-21 01:00:00,2025-12-20 07:00:00,176.61125,124.437485,30.768806,52.7725
CMG,2025-12-21 02:00:00,2025-12-20 07:00:00,152.0915,83.40827,90.880394,69.36703333333334
CMG,2025-12-21 03:00:00,2025-12-20 07:00:00,109.65252,81.13757,86.34456,66.42828999999999
CMG,2025-12-21 04:00:00,2025-12-20 07:00:00,74.53121,77.60746,55.946957,68.03874
CMG,2025-12-21 05:00:00,2025-12-20 07:00:00,54.53176,54.018055,5.067642,63.037119999999994
CMG,2025-12-21 06:00:00,2025-12-20 07:00:00,59.131237,64.37656,32.23066,60.663466666666665
CMG,2025-12-21 07:00:00,2025-12-20 07:00:00,52.85493,87.55328,66.114784,53.94241666666667
CMG,2025-12-21 08:00:00,2025-12-21 07:00:00,52.96848,-38.81791,39.840626,0.0
CMG,2025-12-21 09:00:00,2025-12-21 07:00:00,32.24834,-47.761475,49.002865,0.0
CMG,2025-12-21 10:00:00,2025-12-21 07:00:00,2.4990768,-46.048813,52.54629,0.0
CMG,2025-12-21 11:00:00,2025-12-21 07:00:00,14.852417,-52.27922,67.10912,0.0
CMG,2025-12-21 12:00:00,2025-12-21 07:00:00,38.2213,-57.965546,99.059906,0.0
CMG,2025-12-21 13:00:00,2025-12-21 07:00:00,41.911034,-48.03743,52.291695,0.0
CMG,2025-12-21 14:00:00,2025-12-21 07:00:00,30.66827,-54.88182,59.290432,0.0
CMG,2025-12-21 15:00:00,2025-12-21 07:00:00,18.967278,-57.93715,42.206203,0.0
CMG,2025-12-21 16:00:00,2025-12-21 07:00:00,2.353424,-48.0007,40.742184,0.0
CMG,2025-12-21 17:00:00,2025-12-21 07:00:00,23.829704,-51.59375,10.462814,0.0
CMG,2025-12-21 18:00:00,2025-12-21 07:00:00,46.15724,-52.82132,23.70948,0.0
CMG,2025-12-21 19:00:00,2025-12-21 07:00:00,72.50247,-26.40741,44.763344,0.0
CMG,2025-12-21 20:00:00,2025-12-21 07:00:00,83.94942,11.189125,86.23231,60.51798666666667
CMG,2025-12-21 21:00:00,2025-12-21 07:00:00,122.23683,28.73956,82.86212,57.809086666666666
CMG,2025-12-21 22:00:00,2025-12-21 07:00:00,138.25212,43.040253,67.20633,57.43116333333333
CMG,2025-12-21 23:00:00,2025-12-21 07:00:00,153.43813,66.42487,68.49979,51.14303
CMG,2025-12-22 00:00:00,2025-12-21 07:00:00,146.04752,58.630867,112.26094,55.77706666666666
CMG,2025-12-22 01:00:00,2025-12-21 07:00:00,105.37665,36.951878,105.61296,50.850216666666675
CMG,2025-12-22 02:00:00,2025-12-21 07:00:00,99.842865,30.386822,32.70751,53.58034333333333
CMG,2025-12-22 03:00:00,2025-12-21 07:00:00,118.388405,19.77591,17.008865,52.654509999999995
CMG,2025-12-22 04:00:00,2025-12-21 07:00:00,123.95884,8.580132,32.104977,52.899300000000004
CMG,2025-12-22 05:00:00,2025-12-21 07:00:00,102.38724,5.194847,52.75605,61.59234
CMG,2025-12-22 06:00:00,2025-12-21 07:00:00,75.88779,18.803993,61.894882,61.21446
CMG,2025-12-22 07:00:00,2025-12-21 07:00:00,81.22039,63.633377,51.911434,50.13062666666667
CMG,2025-12-22 08:00:00,2025-12-22 07:00:00,-52.014305,35.04442,41.76848,0.0
CMG,2025-12-22 09:00:00,2025-12-22 07:00:00,30.058273,21.478874,48.466335,0.0
CMG,2025-12-22 10:00:00,2025-12-22 07:00:00,75.129486,41.104774,94.299484,0.0
CMG,2025-12-22 11:00:00,2025-12-22 07:00:00,52.438824,52.92216,170.45691,0.0
CMG,2025-12-22 12:00:00,2025-12-22 07:00:00,14.038643,48.768826,168.70697,0.0
CMG,2025-12-22 13:00:00,2025-12-22 07:00:00,2.7955399,39.927116,110.85887,0.0
CMG,2025-12-22 14:00:00,2025-12-22 07:00:00,-13.027145,31.71888,116.07606,0.0
CMG,2025-12-22 15:00:00,2025-12-22 07:00:00,-28.269539,48.819965,46.64208,0.0
CMG,2025-12-22 16:00:00,2025-12-22 07:00:00,-11.667824,64.40723,-9.9880905,0.0
CMG,2025-12-22 17:00:00,2025-12-22 07:00:00,7.5540695,21.885124,-46.13749,0.0
CMG,2025-12-22 18:00:00,2025-12-22 07:00:00,26.873741,19.017906,-13.097153,0.0
CMG,2025-12-22 19:00:00,2025-12-22 07:00:00,57.80709,77.418976,39.861603,0.0
CMG,2025-12-22 20:00:00,2025-12-22 07:00:00,80.61015,123.04256,112.86641,76.75145333333333
CMG,2025-12-22 21:00:00,2025-12-22 07:00:00,108.57827,118.40177,114.608635,83.06710333333332
CMG,2025-12-22 22:00:00,2025-12-22 07:00:00,117.88634,102.27187,122.22676,87.85435
CMG,2025-12-22 23:00:00,2025-12-22 07:00:00,126.30086,114.343636,95.39036,78.01951666666666
CMG,2025-12-23 00:00:00,2025-12-22 07:00:00,112.77791,117.285065,97.23632,78.64902333333333
CMG,2025-12-23 01:00:00,2025-12-22 07:00:00,128.90472,104.83758,62.165066,100.10453
CMG,2025-12-23 02:00:00,2025-12-22 07:00:00,140.89499,105.89412,92.274284,71.92079666666666
CMG,2025-12-23 03:00:00,2025-12-22 07:00:00,146.38678,112.23938,83.14377,71.95759
CMG,2025-12-23 04:00:00,2025-12-22 07:00:00,150.07819,132.74164,71.679344,72.37314333333333
CMG,2025-12-23 05:00:00,2025-12-22 07:00:00,156.05249,132.0874,99.80934,96.02202666666666
CMG,2025-12-23 06:00:00,2025-12-22 07:00:00,165.59726,141.33281,84.15327,105.19878666666666
CMG,2025-12-23 07:00:00,2025-12-22 07:00:00,181.63867,185.51614,60.095276,100.07530666666666
CMG,2025-12-23 08:00:00,2025-12-23 07:00:00,62.254936,57.351692,88.69264,34.72924333333333
CMG,2025-12-23 09:00:00,2025-12-23 07:00:00,96.149414,105.40695,84.37895,79.13591333333333
CMG,2025-12-23 10:00:00,2025-12-23 07:00:00,148.31218,119.72309,86.16217,78.19202
CMG,2025-12-23 11:00:00,2025-12-23 07:00:00,170.34651,139.04381,98.87671,78.16400666666667
CMG,2025-12-23 12:00:00,2025-12-23 07:00:00,148.88919,144.11551,101.493034,41.26336666666666
CMG,2025-12-23 13:00:00,2025-12-23 07:00:00,136.17328,148.17636,91.45152,38.16002
CMG,2025-12-23 14:00:00,2025-12-23 07:00:00,129.29219,145.96442,85.33345,79.47424666666666
CMG,2025-12-23 15:00:00,2025-12-23 07:00:00,118.41349,130.57236,67.8426,80.13368
CMG,2025-12-23 16:00:00,2025-12-23 07:00:00,125.12135,112.89763,67.96719,74.16217333333333
CMG,2025-12-23 17:00:00,2025-12-23 07:00:00,117.576706,88.39882,31.010605,73.86909333333334
CMG,2025-12-23 18:00:00,2025-12-23 07:00:00,103.87303,65.76945,40.941795,68.53902000000001
CMG,2025-12-23 19:00:00,2025-12-23 07:00:00,98.44034,64.2549,44.09809,71.53630333333334
CMG,2025-12-23 20:00:00,2025-12-23 07:00:00,112.11775,84.628395,68.084885,72.48445333333333
CMG,2025-12-23 21:00:00,2025-12-23 07:00:00,134.9935,103.38945,94.46949,62.580000000000005
CMG,2025-12-23 22:00:00,2025-12-23 07:00:00,132.76959,113.712395,102.80668,65.61708666666667
CMG,2025-12-23 23:00:00,2025-12-23 07:00:00,127.390854,105.209595,126.080124,63.97550666666667
CMG,2025-12-24 00:00:00,2025-12-23 07:00:00,124.42241,92.860954,131.36768,59.62400333333333
CMG,2025-12-24 01:00:00,2025-12-23 07:00:00,139.34412,81.80907,102.31517,58.08434
CMG,2025-12-24 02:00:00,2025-12-23 07:00:00,155.99649,94.24153,90.452576,57.06989333333333
CMG,2025-12-24 03:00:00,2025-12-23 07:00:00,164.66068,108.5899,85.75575,48.280316666666664
CMG,2025-12-24 04:00:00,2025-12-23 07:00:00,155.22878,113.8289,92.0641,48.606343333333335
CMG,2025-12-24 05:00:00,2025-12-23 07:00:00,160.62714,104.415375,79.53221,51.65494
CMG,2025-12-24 06:00:00,2025-12-23 07:00:00,169.41357,103.62187,90.44657,73.24329
CMG,2025-12-24 07:00:00,2025-12-23 07:00:00,180.6731,107.59596,95.90517,52.336800000000004
CMG,2025-12-24 08:00:00,2025-12-24 07:00:00,84.06054,17.6375,39.94742,0.0
CMG,2025-12-24 09:00:00,2025-12-24 07:00:00,103.52312,75.43292,45.595787,0.0
CMG,2025-12-24 10:00:00,2025-12-24 07:00:00,112.31306,100.49567,71.44118,78.35873333333335
CMG,2025-12-24 11:00:00,2025-12-24 07:00:00,130.44673,109.62108,80.46503,81.01863333333334
CMG,2025-12-24 12:00:00,2025-12-24 07:00:00,133.7781,115.21797,81.750565,79.88409999999999
CMG,2025-12-24 13:00:00,2025-12-24 07:00:00,140.6983,104.121315,71.36827,40.95516666666666
CMG,2025-12-24 14:00:00,2025-12-24 07:00:00,143.4255,95.93132,80.98517,0.0
CMG,2025-12-24 15:00:00,2025-12-24 07:00:00,131.1507,90.59293,78.95408,0.0
CMG,2025-12-24 16:00:00,2025-12-24 07:00:00,113.95826,83.66058,70.18912,0.0
CMG,2025-12-24 17:00:00,2025-12-24 07:00:00,106.899994,69.5464,40.715477,0.0
CMG,2025-12-24 18:00:00,2025-12-24 07:00:00,95.83978,48.781807,48.38095,0.0
CMG,2025-12-24 19:00:00,2025-12-24 07:00:00,109.84108,32.989815,52.50667,0.0
CMG,2025-12-24 20:00:00,2025-12-24 07:00:00,134.41269,63.595833,94.30046,67.69238666666666
CMG,2025-12-24 21:00:00,2025-12-24 07:00:00,131.91655,95.05703,107.74284,55.6567
CMG,2025-12-24 22:00:00,2025-12-24 07:00:00,116.334946,103.37982,104.45517,59.60211
CMG,2025-12-24 23:00:00,2025-12-24 07:00:00,102.650314,79.68066,101.329865,42.25333
CMG,2025-12-25 00:00:00,2025-12-24 07:00:00,89.492645,68.80295,103.438675,58.83157
CMG,2025-12-25 01:00:00,2025-12-24 07:00:00,100.33848,63.029736,111.918686,52.211396666666666
CMG,2025-12-25 02:00:00,2025-12-24 07:00:00,94.85667,73.30996,100.68001,53.5776
CMG,2025-12-25 03:00:00,2025-12-24 07:00:00,92.57121,81.54528,80.46674,45.51750333333333
CMG,2025-12-25 04:00:00,2025-12-24 07:00:00,98.669495,88.090294,66.951385,53.134186666666665
CMG,2025-12-25 05:00:00,2025-12-24 07:00:00,115.982475,97.926674,88.96766,49.30975333333333
CMG,2025-12-25 06:00:00,2025-12-24 07:00:00,124.73193,102.03168,110.668655,48.82764666666666
CMG,2025-12-25 07:00:00,2025-12-24 07:00:00,111.89073,85.90237,107.38905,34.61903
CMG,2025-12-25 08:00:00,2025-12-25 07:00:00,20.415913,0.6477394,18.10205,0.0
CMG,2025-12-25 09:00:00,2025-12-25 07:00:00,23.213089,6.694309,23.569008,0.0
CMG,2025-12-25 10:00:00,2025-12-25 07:00:00,46.76008,3.0098267,46.731937,0.0
CMG,2025-12-25 11:00:00,2025-12-25 07:00:00,77.44677,-7.0956116,53.415367,0.0
CMG,2025-12-25 12:00:00,2025-12-25 07:00:00,74.387146,-10.635254,53.433723,0.0
CMG,2025-12-25 13:00:00,2025-12-25 07:00:00,58.149277,-8.787079,51.456516,0.0
CMG,2025-12-25 14:00:00,2025-12-25 07:00:00,54.6603,-6.2856674,58.888557,0.0
CMG,2025-12-25 15:00:00,2025-12-25 07:00:00,52.30893,-8.0008545,67.79401,0.0
CMG,2025-12-25 16:00:00,2025-12-25 07:00:00,50.644665,-11.725021,62.115665,0.0
CMG,2025-12-25 17:00:00,2025-12-25 07:00:00,52.548946,-19.409996,58.64909,0.0
CMG,2025-12-25 18:00:00,2025-12-25 07:00:00,55.49111,-17.264793,56.820267,0.0
CMG,2025-12-25 19:00:00,2025-12-25 07:00:00,102.81603,21.810863,65.731155,0.0
CMG,2025-12-25 20:00:00,2025-12-25 07:00:00,106.50459,50.513508,83.56151,71.11299333333334
CMG,2025-12-25 21:00:00,2025-12-25 07:00:00,85.25483,61.04772,76.27184,66.39093000000001
CMG,2025-12-25 22:00:00,2025-12-25 07:00:00,90.61328,58.761543,75.525536,71.55861
CMG,2025-12-25 23:00:00,2025-12-25 07:00:00,83.15149,45.697388,77.890274,71.91484
CMG,2025-12-26 00:00:00,2025-12-25 07:00:00,68.97357,30.55262,81.25299,68.3764
CMG,2025-12-26 01:00:00,2025-12-25 07:00:00,57.80797,22.817879,79.81945,56.54889
CMG,2025-12-26 02:00:00,2025-12-25 07:00:00,44.231346,3.67939,85.29962,55.270833333333336
CMG,2025-12-26 03:00:00,2025-12-25 07:00:00,30.280933,2.4070816,70.80401,56.15679
CMG,2025-12-26 04:00:00,2025-12-25 07:00:00,26.151352,0.091781616,72.001595,82.43430333333333
CMG,2025-12-26 05:00:00,2025-12-25 07:00:00,24.721718,-4.0620804,84.78221,154.06952666666666
CMG,2025-12-26 06:00:00,2025-12-25 07:00:00,23.802147,0.6731491,85.87764,161.82671333333334
CMG,2025-12-26 07:00:00,2025-12-25 07:00:00,29.314812,13.616295,73.60539,159.09043333333332
CMG,2025-12-26 08:00:00,2025-12-26 07:00:00,29.972704,109.30883,135.86584,0.0
CMG,2025-12-26 09:00:00,2025-12-26 07:00:00,37.215233,98.85012,122.1557,0.0
CMG,2025-12-26 10:00:00,2025-12-26 07:00:00,49.076412,114.30615,107.13203,0.0
CMG,2025-12-26 11:00:00,2025-12-26 07:00:00,46.580307,122.9793,96.49911,0.0
CMG,2025-12-26 12:00:00,2025-12-26 07:00:00,28.945988,126.67515,81.046326,55.39628
CMG,2025-12-26 13:00:00,2025-12-26 07:00:00,21.417479,131.47484,66.5448,83.63995
CMG,2025-12-26 14:00:00,2025-12-26 07:00:00,17.010605,125.13593,60.623596,0.0
CMG,2025-12-26 15:00:00,2025-12-26 07:00:00,21.06944,105.35591,64.839935,0.0
CMG,2025-12-26 16:00:00,2025-12-26 07:00:00,19.269356,75.03652,40.844357,0.0
CMG,2025-12-26 17:00:00,2025-12-26 07:00:00,-13.723831,59.98243,37.85159,0.0
CMG,2025-12-26 18:00:00,2025-12-26 07:00:00,-4.5095406,68.814964,50.046925,0.0
CMG,2025-12-26 19:00:00,2025-12-26 07:00:00,37.128105,121.60169,64.38871,0.0
CMG,2025-12-26 20:00:00,2025-12-26 07:00:00,66.695854,172.30104,99.407455,65.49752333333333
CMG,2025-12-26 21:00:00,2025-12-26 07:00:00,85.88666,173.00858,100.53818,49.03
CMG,2025-12-26 22:00:00,2025-12-26 07:00:00,109.0754,171.64613,86.54256,86.12841666666667
CMG,2025-12-26 23:00:00,2025-12-26 07:00:00,115.236626,176.20901,94.007965,83.90648
CMG,2025-12-27 00:00:00,2025-12-26 07:00:00,118.928246,167.45325,89.248024,53.526826666666665
CMG,2025-12-27 01:00:00,2025-12-26 07:00:00,109.285614,147.27216,75.75185,53.74901333333333
CMG,2025-12-27 02:00:00,2025-12-26 07:00:00,95.46251,156.4813,73.66638,49.605423333333334
CMG,2025-12-27 03:00:00,2025-12-26 07:00:00,96.22528,159.04413,75.85565,50.42799666666667
CMG,2025-12-27 04:00:00,2025-12-26 07:00:00,104.32016,160.78235,82.9601,58.79582333333334
CMG,2025-12-27 05:00:00,2025-12-26 07:00:00,110.84773,153.83801,100.396805,65.14675
CMG,2025-12-27 06:00:00,2025-12-26 07:00:00,118.982666,158.06258,91.08309,74.52954
CMG,2025-12-27 07:00:00,2025-12-26 07:00:00,93.24791,143.25848,89.67534,41.60156
CMG,2025-12-27 08:00:00,2025-12-27 07:00:00,16.1916,-0.55841446,22.914207,36.037600000000005
CMG,2025-12-27 09:00:00,2025-12-27 07:00:00,14.936806,13.282568,8.378937,36.930119999999995
CMG,2025-12-27 10:00:00,2025-12-27 07:00:00,16.199541,11.962498,20.305616,38.40530666666667
CMG,2025-12-27 11:00:00,2025-12-27 07:00:00,13.493387,11.542252,15.784044,38.96876
CMG,2025-12-27 12:00:00,2025-12-27 07:00:00,15.59623,12.649944,17.618948,0.0
CMG,2025-12-27 13:00:00,2025-12-27 07:00:00,16.1946,10.745565,13.681892,0.0
CMG,2025-12-27 14:00:00,2025-12-27 07:00:00,10.178177,12.280157,0.38237,0.0
CMG,2025-12-27 15:00:00,2025-12-27 07:00:00,4.503971,13.103058,-0.64831924,0.0
CMG,2025-12-27 16:00:00,2025-12-27 07:00:00,1.1877213,12.178415,7.7185745,0.0
CMG,2025-12-27 17:00:00,2025-12-27 07:00:00,-2.4802284,9.357895,8.497551,0.0
CMG,2025-12-27 18:00:00,2025-12-27 07:00:00,0.69156647,-0.7151947,14.328676,0.0
CMG,2025-12-27 19:00:00,2025-12-27 07:00:00,28.064022,17.21335,15.937834,0.0
CMG,2025-12-27 20:00:00,2025-12-27 07:00:00,56.932175,60.13476,61.866497,54.75767
CMG,2025-12-27 21:00:00,2025-12-27 07:00:00,67.86029,71.88326,72.901474,45.53472333333334
CMG,2025-12-27 22:00:00,2025-12-27 07:00:00,71.38097,61.998077,67.79421,44.23448666666667
CMG,2025-12-27 23:00:00,2025-12-27 07:00:00,65.691055,61.43126,58.129684,47.53001333333333
CMG,2025-12-28 00:00:00,2025-12-27 07:00:00,55.773655,61.097195,50.963196,49.49843666666667
CMG,2025-12-28 01:00:00,2025-12-27 07:00:00,49.110413,55.476086,49.82377,51.69664
CMG,2025-12-28 02:00:00,2025-12-27 07:00:00,51.907585,47.247368,60.00455,48.81277
CMG,2025-12-28 03:00:00,2025-12-27 07:00:00,55.05609,41.145813,64.04198,44.11795333333333
CMG,2025-12-28 04:00:00,2025-12-27 07:00:00,53.77534,38.52471,70.62004,44.79611666666667
CMG,2025-12-28 05:00:00,2025-12-27 07:00:00,58.326805,45.263325,79.27468,50.73435333333333
CMG,2025-12-28 06:00:00,2025-12-27 07:00:00,59.070686,50.591724,79.22547,50.16540666666666
CMG,2025-12-28 07:00:00,2025-12-27 07:00:00,34.393166,46.96705,57.423664,37.12141666666667
CMG,2025-12-28 08:00:00,2025-12-28 07:00:00,-7.3904266,-19.863308,16.880295,0.0
CMG,2025-12-28 09:00:00,2025-12-28 07:00:00,-27.157578,-27.203285,3.1788368,0.0
CMG,2025-12-28 10:00:00,2025-12-28 07:00:00,-18.99382,-15.858582,5.9947586,0.0
CMG,2025-12-28 11:00:00,2025-12-28 07:00:00,-19.63979,-18.789719,7.1962357,0.0
CMG,2025-12-28 12:00:00,2025-12-28 07:00:00,-14.721504,-24.828873,16.923004,0.0
CMG,2025-12-28 13:00:00,2025-12-28 07:00:00,-16.827686,-26.069313,7.0921745,0.0
CMG,2025-12-28 14:00:00,2025-12-28 07:00:00,-24.89135,-27.58091,-5.0946655,0.0
CMG,2025-12-28 15:00:00,2025-12-28 07:00:00,-30.621964,-28.467896,-15.682087,0.0
CMG,2025-12-28 16:00:00,2025-12-28 07:00:00,-34.668793,-28.489395,-11.523987,0.0
CMG,2025-12-28 17:00:00,2025-12-28 07:00:00,-38.856514,-19.587067,-17.781479,0.0
CMG,2025-12-28 18:00:00,2025-12-28 07:00:00,-44.209267,-21.731499,-13.611797,0.0
CMG,2025-12-28 19:00:00,2025-12-28 07:00:00,-1.4511642,1.0823593,-3.5249863,0.0
CMG,2025-12-28 20:00:00,2025-12-28 07:00:00,41.08192,39.546143,48.184753,62.53599666666667
CMG,2025-12-28 21:00:00,2025-12-28 07:00:00,39.122517,42.762627,39.119595,47.54
CMG,2025-12-28 22:00:00,2025-12-28 07:00:00,43.20035,32.94753,38.089397,55.21776
CMG,2025-12-28 23:00:00,2025-12-28 07:00:00,52.036407,32.268482,51.319366,58.594166666666666
CMG,2025-12-29 00:00:00,2025-12-28 07:00:00,39.149586,28.109032,50.69994,50.400569999999995
CMG,2025-12-29 01:00:00,2025-12-28 07:00:00,28.763126,22.47558,56.25949,48.58108666666667
CMG,2025-12-29 02:00:00,2025-12-28 07:00:00,27.936287,23.546675,59.598675,49.23733000000001
CMG,2025-12-29 03:00:00,2025-12-28 07:00:00,25.142715,24.257603,51.58586,53.53680666666667
CMG,2025-12-29 04:00:00,2025-12-28 07:00:00,25.559147,29.802666,49.224163,54.802690000000005
CMG,2025-12-29 05:00:00,2025-12-28 07:00:00,22.867895,37.766483,69.52988,71.37295666666667
CMG,2025-12-29 06:00:00,2025-12-28 07:00:00,41.130737,46.904316,74.746574,67.30384333333333
CMG,2025-12-29 07:00:00,2025-12-28 07:00:00,71.8385,60.250427,61.840446,69.84037666666667
CMG,2025-12-29 08:00:00,2025-12-29 07:00:00,20.270859,50.43676,46.936806,30.81272
CMG,2025-12-29 09:00:00,2025-12-29 07:00:00,29.739635,27.816023,26.505886,85.98491
CMG,2025-12-29 10:00:00,2025-12-29 07:00:00,39.32193,18.378313,26.51688,86.43365666666666
CMG,2025-12-29 11:00:00,2025-12-29 07:00:00,44.52634,13.395954,25.140068,220.91112666666666
CMG,2025-12-29 12:00:00,2025-12-29 07:00:00,34.762016,15.707453,25.221981,212.54889666666668
CMG,2025-12-29 13:00:00,2025-12-29 07:00:00,20.714048,16.86107,20.16613,213.94993
CMG,2025-12-29 14:00:00,2025-12-29 07:00:00,15.408314,16.691801,18.30316,209.684
CMG,2025-12-29 15:00:00,2025-12-29 07:00:00,14.64982,17.369865,10.061735,83.13268
CMG,2025-12-29 16:00:00,2025-12-29 07:00:00,10.7524605,22.230255,5.3663635,82.27364666666666
CMG,2025-12-29 17:00:00,2025-12-29 07:00:00,6.2172356,22.140411,0.69667816,81.78139666666668
CMG,2025-12-29 18:00:00,2025-12-29 07:00:00,17.104069,23.299534,-1.0604744,87.14686999999999
CMG,2025-12-29 19:00:00,2025-12-29 07:00:00,46.382553,39.464935,17.908596,81.30333
CMG,2025-12-29 20:00:00,2025-12-29 07:00:00,78.14703,62.359657,64.390816,76.09752333333334
CMG,2025-12-29 21:00:00,2025-12-29 07:00:00,84.81689,75.493195,62.476116,80.00831666666666
CMG,2025-12-29 22:00:00,2025-12-29 07:00:00,75.708244,72.4632,71.75492,81.23206666666667
CMG,2025-12-29 23:00:00,2025-12-29 07:00:00,58.660187,69.05129,68.91282,79.15562333333334
CMG,2025-12-30 00:00:00,2025-12-29 07:00:00,46.34751,69.87619,73.74367,58.654623333333326
CMG,2025-12-30 01:00:00,2025-12-29 07:00:00,45.847267,72.45189,61.165596,54.37554333333333
CMG,2025-12-30 02:00:00,2025-12-29 07:00:00,49.580963,73.88171,65.016045,69.44041
CMG,2025-12-30 03:00:00,2025-12-29 07:00:00,48.863037,75.69255,71.115166,56.89066333333333
CMG,2025-12-30 04:00:00,2025-12-29 07:00:00,49.35366,87.70612,69.3025,56.95311999999999
CMG,2025-12-30 05:00:00,2025-12-29 07:00:00,51.948975,89.64023,82.48731,52.683593333333334
CMG,2025-12-30 06:00:00,2025-12-29 07:00:00,63.112495,99.165306,91.26702,69.79829333333333
CMG,2025-12-30 07:00:00,2025-12-29 07:00:00,66.49959,98.252174,90.79669,69.59407666666668
CMG,2025-12-30 08:00:00,2025-12-30 07:00:00,21.154497,10.888569,51.514065,81.29688333333333
CMG,2025-12-30 09:00:00,2025-12-30 07:00:00,31.301592,9.711845,53.807045,235.86352
CMG,2025-12-30 10:00:00,2025-12-30 07:00:00,36.518715,7.1423225,59.448364,213.7451
CMG,2025-12-30 11:00:00,2025-12-30 07:00:00,33.628838,9.256584,76.842804,95.16167666666666
CMG,2025-12-30 12:00:00,2025-12-30 07:00:00,28.691607,3.7963562,76.93532,82.90868666666667
CMG,2025-12-30 13:00:00,2025-12-30 07:00:00,23.920586,10.438087,85.983246,83.78943333333333
CMG,2025-12-30 14:00:00,2025-12-30 07:00:00,21.568584,8.654991,81.7155,211.6288033333333
CMG,2025-12-30 15:00:00,2025-12-30 07:00:00,26.230005,5.9946213,65.84731,221.20285333333334
CMG,2025-12-30 16:00:00,2025-12-30 07:00:00,34.87845,3.5883217,57.33702,195.46236333333331
CMG,2025-12-30 17:00:00,2025-12-30 07:00:00,44.713833,6.466343,54.289444,231.57824666666667
CMG,2025-12-30 18:00:00,2025-12-30 07:00:00,51.81764,14.885845,59.69525,230.89130333333333
CMG,2025-12-30 19:00:00,2025-12-30 07:00:00,76.94114,78.91319,52.53701,230.54250333333334
CMG,2025-12-30 20:00:00,2025-12-30 07:00:00,91.51018,98.18552,80.93475,98.24861
CMG,2025-12-30 21:00:00,2025-12-30 07:00:00,98.762695,93.36891,72.01834,84.36504333333333
CMG,2025-12-30 22:00:00,2025-12-30 07:00:00,107.27019,92.454636,60.350388,233.35972333333333
CMG,2025-12-30 23:00:00,2025-12-30 07:00:00,95.28989,82.368065,63.177536,207.39727666666667
CMG,2025-12-31 00:00:00,2025-12-30 07:00:00,78.76579,68.8233,60.949272,75.00515
CMG,2025-12-31 01:00:00,2025-12-30 07:00:00,71.069016,62.296295,53.544075,58.98342333333333
CMG,2025-12-31 02:00:00,2025-12-30 07:00:00,72.1319,58.96705,49.629524,60.57026333333334
CMG,2025-12-31 03:00:00,2025-12-30 07:00:00,75.95668,62.296154,56.192795,68.72438333333334
CMG,2025-12-31 04:00:00,2025-12-30 07:00:00,69.41796,59.07782,66.17391,68.91922
CMG,2025-12-31 05:00:00,2025-12-30 07:00:00,65.45778,57.828087,80.080376,68.63220333333334
CMG,2025-12-31 06:00:00,2025-12-30 07:00:00,66.19239,64.86278,84.03986,60.306876666666675
CMG,2025-12-31 07:00:00,2025-12-30 07:00:00,57.218094,87.13498,74.15801,64.59362666666667
CMG,2025-12-31 08:00:00,2025-12-31 07:00:00,35.567307,23.668655,51.082916,39.76284666666667
CMG,2025-12-31 09:00:00,2025-12-31 07:00:00,44.521797,50.627625,61.076183,83.41270000000002
CMG,2025-12-31 10:00:00,2025-12-31 07:00:00,80.82468,62.535023,71.00951,83.25099999999999
CMG,2025-12-31 11:00:00,2025-12-31 07:00:00,83.24405,63.830948,52.54904,85.22815
CMG,2025-12-31 12:00:00,2025-12-31 07:00:00,62.96543,57.60178,69.555534,85.2355
CMG,2025-12-31 13:00:00,2025-12-31 07:00:00,59.18675,59.99268,89.92149,83.2706
CMG,2025-12-31 14:00:00,2025-12-31 07:00:00,65.54687,70.97452,118.43031,80.7275
CMG,2025-12-31 15:00:00,2025-12-31 07:00:00,72.666824,71.9729,93.286316,81.7663
CMG,2025-12-31 16:00:00,2025-12-31 07:00:00,72.27371,45.5225,61.59011,0.0
CMG,2025-12-31 17:00:00,2025-12-31 07:00:00,53.569077,15.516922,48.88007,0.0
CMG,2025-12-31 18:00:00,2025-12-31 07:00:00,59.548275,12.606968,59.769703,0.0
CMG,2025-12-31 19:00:00,2025-12-31 07:00:00,74.63922,75.40286,62.17001,0.0
CMG,2025-12-31 20:00:00,2025-12-31 07:00:00,92.36971,117.95998,95.5114,50.78274666666667
CMG,2025-12-31 21:00:00,2025-12-31 07:00:00,121.66405,105.96146,78.701294,57.50821
CMG,2025-12-31 22:00:00,2025-12-31 07:00:00,135.88808,93.58411,89.67906,73.61288
CMG,2025-12-31 23:00:00,2025-12-31 07:00:00,102.0495,95.5657,78.31633,55.280930000000005
CMG,2026-01-01 00:00:00,2025-12-31 07:00:00,67.081696,80.7646,44.03433,40.737053333333336
CMG,2026-01-01 01:00:00,2025-12-31 07:00:00,44.490448,60.552273,52.069042,55.58029333333334
CMG,2026-01-01 02:00:00,2025-12-31 07:00:00,44.147808,44.581844,46.656624,54.35661666666667
CMG,2026-01-01 03:00:00,2025-12-31 07:00:00,45.26713,44.17702,55.533905,47.36339999999999
CMG,2026-01-01 04:00:00,2025-12-31 07:00:00,50.495174,39.68801,55.813267,46.49609999999999
CMG,2026-01-01 05:00:00,2025-12-31 07:00:00,64.141106,48.42154,55.5139,45.876389999999994
CMG,2026-01-01 06:00:00,2025-12-31 07:00:00,68.89977,69.35368,43.81767,42.38529
CMG,2026-01-01 07:00:00,2025-12-31 07:00:00,55.53357,47.128807,29.465113,34.03351333333333
CMG,2026-01-01 08:00:00,2026-01-01 07:00:00,6.944477,20.155727,29.968124,0.0
CMG,2026-01-01 09:00:00,2026-01-01 07:00:00,1.2206421,11.821274,47.435337,0.0
CMG,2026-01-01 10:00:00,2026-01-01 07:00:00,1.719574,7.2244797,24.039055,0.0
CMG,2026-01-01 11:00:00,2026-01-01 07:00:00,1.3336716,5.067623,1.4428406,0.0
CMG,2026-01-01 12:00:00,2026-01-01 07:00:00,-1.8041,1.693737,32.9381,0.0
CMG,2026-01-01 13:00:00,2026-01-01 07:00:00,-0.45755386,1.176651,47.937225,0.0
CMG,2026-01-01 14:00:00,2026-01-01 07:00:00,-0.23182297,-0.8494034,56.772865,0.0
CMG,2026-01-01 15:00:00,2026-01-01 07:00:00,3.8343124,-4.538433,35.873398,0.0
CMG,2026-01-01 16:00:00,2026-01-01 07:00:00,3.9012604,-12.884609,11.78368,0.0
CMG,2026-01-01 17:00:00,2026-01-01 07:00:00,2.743042,-21.287724,22.034107,0.0
CMG,2026-01-01 18:00:00,2026-01-01 07:00:00,9.60154,-14.744381,29.328949,0.0
CMG,2026-01-01 19:00:00,2026-01-01 07:00:00,23.53608,15.081104,23.552036,0.0
CMG,2026-01-01 20:00:00,2026-01-01 07:00:00,42.279404,12.547668,49.280533,54.48469666666667
CMG,2026-01-01 21:00:00,2026-01-01 07:00:00,50.69129,11.66317,40.449043,50.31037
CMG,2026-01-01 22:00:00,2026-01-01 07:00:00,45.91853,14.898033,78.00392,52.17001333333334
CMG,2026-01-01 23:00:00,2026-01-01 07:00:00,41.266014,16.919212,73.44649,47.29150666666666
CMG,2026-01-02 00:00:00,2026-01-01 07:00:00,33.909676,14.338272,16.837154,44.18481
CMG,2026-01-02 01:00:00,2026-01-01 07:00:00,22.482475,15.642876,22.967522,45.90427666666667
CMG,2026-01-02 02:00:00,2026-01-01 07:00:00,14.696667,16.814304,32.344418,42.49717666666667
CMG,2026-01-02 03:00:00,2026-01-01 07:00:00,12.59869,9.863941,25.294662,41.24125
CMG,2026-01-02 04:00:00,2026-01-01 07:00:00,14.246918,-7.991604,39.96865,41.03113333333334
CMG,2026-01-02 05:00:00,2026-01-01 07:00:00,19.889915,-5.083523,60.664917,40.52127333333333
CMG,2026-01-02 06:00:00,2026-01-01 07:00:00,23.843239,-0.3275566,58.10571,50.02254
CMG,2026-01-02 07:00:00,2026-01-01 07:00:00,24.203697,-2.4877357,31.974382,49.039363333333334
CMG,2026-01-02 08:00:00,2026-01-02 07:00:00,10.130676,24.023994,47.129955,0.0
CMG,2026-01-02 09:00:00,2026-01-02 07:00:00,17.4496,22.478329,55.816933,0.0
CMG,2026-01-02 10:00:00,2026-01-02 07:00:00,14.535606,42.095787,36.433174,0.0
CMG,2026-01-02 11:00:00,2026-01-02 07:00:00,5.133995,51.950626,43.14556,0.0
CMG,2026-01-02 12:00:00,2026-01-02 07:00:00,9.087536,51.465992,51.111015,0.0
CMG,2026-01-02 13:00:00,2026-01-02 07:00:00,20.210579,54.59693,40.1342,0.0
CMG,2026-01-02 14:00:00,2026-01-02 07:00:00,27.998674,58.315212,37.17683,0.0
CMG,2026-01-02 15:00:00,2026-01-02 07:00:00,26.438124,56.873074,26.012375,0.0
CMG,2026-01-02 16:00:00,2026-01-02 07:00:00,17.406452,40.565132,7.093525,0.0
CMG,2026-01-02 17:00:00,2026-01-02 07:00:00,22.413368,3.7606583,-0.30870438,0.0
CMG,2026-01-02 18:00:00,2026-01-02 07:00:00,27.014288,-3.6757202,20.34843,0.0
CMG,2026-01-02 19:00:00,2026-01-02 07:00:00,26.082365,-0.20596695,18.615208,0.0
CMG,2026-01-02 20:00:00,2026-01-02 07:00:00,25.959696,11.593609,41.761124,65.26774999999999
CMG,2026-01-02 21:00:00,2026-01-02 07:00:00,24.730919,28.87247,43.94994,75.67641333333334
CMG,2026-01-02 22:00:00,2026-01-02 07:00:00,36.14477,44.31414,57.8366,63.73629333333333
CMG,2026-01-02 23:00:00,2026-01-02 07:00:00,40.613388,44.684128,75.73456,63.109813333333335
CMG,2026-01-03 00:00:00,2026-01-02 07:00:00,32.73613,46.986076,41.733536,77.59692666666666
CMG,2026-01-03 01:00:00,2026-01-02 07:00:00,26.307102,40.236115,36.921608,73.18577333333333
CMG,2026-01-03 02:00:00,2026-01-02 07:00:00,29.319126,29.977402,37.06478,71.19212333333333
CMG,2026-01-03 03:00:00,2026-01-02 07:00:00,28.705404,29.631525,34.89865,72.85061999999999
CMG,2026-01-03 04:00:00,2026-01-02 07:00:00,23.308186,39.837914,56.255703,71.87228
CMG,2026-01-03 05:00:00,2026-01-02 07:00:00,22.168106,41.11579,43.12351,72.03246666666666
CMG,2026-01-03 06:00:00,2026-01-02 07:00:00,22.099659,47.568043,35.665855,67.30341
CMG,2026-01-03 07:00:00,2026-01-02 07:00:00,20.083847,49.197376,37.157913,72.37747
CMG,2026-01-03 08:00:00,2026-01-03 07:00:00,15.019138,25.954622,66.23735,6.256489999999999
CMG,2026-01-03 09:00:00,2026-01-03 07:00:00,28.86778,44.063538,69.644485,91.44515666666666
CMG,2026-01-03 10:00:00,2026-01-03 07:00:00,43.100105,53.084698,60.053577,89.97271
CMG,2026-01-03 11:00:00,2026-01-03 07:00:00,79.14487,86.795166,65.43852,91.70079
CMG,2026-01-03 12:00:00,2026-01-03 07:00:00,91.24591,108.95688,57.26162,90.11586333333332
CMG,2026-01-03 13:00:00,2026-01-03 07:00:00,93.92441,95.29915,42.99294,86.92811333333333
CMG,2026-01-03 14:00:00,2026-01-03 07:00:00,88.60161,91.28848,47.67087,87.71546666666667
CMG,2026-01-03 15:00:00,2026-01-03 07:00:00,76.2004,81.76387,33.944225,91.85416666666667
CMG,2026-01-03 16:00:00,2026-01-03 07:00:00,43.139305,49.99008,37.04516,87.41893333333333
CMG,2026-01-03 17:00:00,2026-01-03 07:00:00,-8.523689,8.477005,36.2649,76.69
CMG,2026-01-03 18:00:00,2026-01-03 07:00:00,-18.145332,3.2755623,31.082754,71.97248333333333
CMG,2026-01-03 19:00:00,2026-01-03 07:00:00,2.9496078,13.527252,43.402725,45.48049666666666
CMG,2026-01-03 20:00:00,2026-01-03 07:00:00,41.561607,58.39522,65.60405,59.40417666666667
CMG,2026-01-03 21:00:00,2026-01-03 07:00:00,78.92308,87.813225,72.51277,58.25477
CMG,2026-01-03 22:00:00,2026-01-03 07:00:00,72.73259,90.492744,75.422226,51.87709666666667
CMG,2026-01-03 23:00:00,2026-01-03 07:00:00,70.79482,88.10769,67.36018,61.60377333333333
CMG,2026-01-04 00:00:00,2026-01-03 07:00:00,62.24072,95.60416,47.75638,62.75842666666667
CMG,2026-01-04 01:00:00,2026-01-03 07:00:00,58.96074,70.64124,63.052742,53.26074666666667
CMG,2026-01-04 02:00:00,2026-01-03 07:00:00,53.847904,63.684166,72.044304,51.56962333333333
CMG,2026-01-04 03:00:00,2026-01-03 07:00:00,47.742764,60.338818,60.87491,56.35315
CMG,2026-01-04 04:00:00,2026-01-03 07:00:00,41.75364,59.508812,63.936333,48.66538
CMG,2026-01-04 05:00:00,2026-01-03 07:00:00,36.976738,57.398758,64.78389,49.70851
CMG,2026-01-04 06:00:00,2026-01-03 07:00:00,39.197166,58.630363,72.59549,69.61657
CMG,2026-01-04 07:00:00,2026-01-03 07:00:00,29.117594,59.660255,76.617256,70.84787333333334
CMG,2026-01-04 08:00:00,2026-01-04 07:00:00,13.758949,6.1873665,57.246067,0.0
CMG,2026-01-04 09:00:00,2026-01-04 07:00:00,18.913315,10.225506,58.643494,0.0
CMG,2026-01-04 10:00:00,2026-01-04 07:00:00,29.0555,28.743961,77.344765,0.0
CMG,2026-01-04 11:00:00,2026-01-04 07:00:00,40.72956,27.172081,78.20274,89.63790999999999
CMG,2026-01-04 12:00:00,2026-01-04 07:00:00,34.40104,27.190598,69.75886,90.13601333333334
CMG,2026-01-04 13:00:00,2026-01-04 07:00:00,24.71207,27.58078,58.079094,89.51592666666666
CMG,2026-01-04 14:00:00,2026-01-04 07:00:00,27.09473,25.511951,63.08883,88.37486333333334
CMG,2026-01-04 15:00:00,2026-01-04 07:00:00,29.688099,27.209492,69.36631,83.73439
CMG,2026-01-04 16:00:00,2026-01-04 07:00:00,28.480434,29.128899,60.077164,82.88812666666666
CMG,2026-01-04 17:00:00,2026-01-04 07:00:00,27.025166,30.759699,47.640568,79.92239333333333
CMG,2026-01-04 18:00:00,2026-01-04 07:00:00,27.134918,25.419315,29.624535,39.01052333333333
CMG,2026-01-04 19:00:00,2026-01-04 07:00:00,35.826515,37.204082,42.26557,0.0
CMG,2026-01-04 20:00:00,2026-01-04 07:00:00,52.580574,54.7182,70.628685,60.51672
CMG,2026-01-04 21:00:00,2026-01-04 07:00:00,61.748756,65.985176,61.756218,60.777080000000005
CMG,2026-01-04 22:00:00,2026-01-04 07:00:00,73.57832,60.794888,66.17453,61.75248666666667
CMG,2026-01-04 23:00:00,2026-01-04 07:00:00,70.13395,54.57321,69.75181,60.59218666666667
CMG,2026-01-05 00:00:00,2026-01-04 07:00:00,55.283226,54.542442,77.08567,60.99903333333333
CMG,2026-01-05 01:00:00,2026-01-04 07:00:00,57.93335,52.595676,80.5881,62.008399999999995
CMG,2026-01-05 02:00:00,2026-01-04 07:00:00,61.906563,60.98481,71.32547,60.27676333333333
CMG,2026-01-05 03:00:00,2026-01-04 07:00:00,63.397057,59.659786,51.606033,62.00284333333334
CMG,2026-01-05 04:00:00,2026-01-04 07:00:00,65.43415,59.904152,48.35413,63.03833333333333
CMG,2026-01-05 05:00:00,2026-01-04 07:00:00,70.08153,70.25929,66.286064,80.90882333333333
CMG,2026-01-05 06:00:00,2026-01-04 07:00:00,70.68273,76.16778,83.26579,87.52838666666666
CMG,2026-01-05 07:00:00,2026-01-04 07:00:00,65.417076,89.01815,83.38095,83.09116333333333
CMG,2026-01-05 08:00:00,2026-01-05 07:00:00,16.966885,49.480003,69.16092,93.68840666666667
CMG,2026-01-05 09:00:00,2026-01-05 07:00:00,26.802292,16.954258,85.52359,97.41395666666666
CMG,2026-01-05 10:00:00,2026-01-05 07:00:00,50.39073,29.71748,91.83729,404.42734333333334
CMG,2026-01-05 11:00:00,2026-01-05 07:00:00,56.297623,59.482323,113.838196,401.8397366666666
CMG,2026-01-05 12:00:00,2026-01-05 07:00:00,50.74313,64.58237,111.88151,402.16714666666667
CMG,2026-01-05 13:00:00,2026-01-05 07:00:00,44.642723,62.528137,120.594574,403.4028633333333
CMG,2026-01-05 14:00:00,2026-01-05 07:00:00,49.213593,58.552353,120.923584,416.45707999999996
CMG,2026-01-05 15:00:00,2026-01-05 07:00:00,64.54006,41.41449,104.94622,420.99859666666663
CMG,2026-01-05 16:00:00,2026-01-05 07:00:00,71.97964,30.108364,79.15002,355.89500333333336
CMG,2026-01-05 17:00:00,2026-01-05 07:00:00,79.025986,40.929344,81.35332,267.0105566666667
CMG,2026-01-05 18:00:00,2026-01-05 07:00:00,94.27616,43.50582,70.55901,244.77526333333333
CMG,2026-01-05 19:00:00,2026-01-05 07:00:00,100.56308,56.05771,70.612495,191.48
CMG,2026-01-05 20:00:00,2026-01-05 07:00:00,109.82751,96.63898,83.20479,236.97564666666665
CMG,2026-01-05 21:00:00,2026-01-05 07:00:00,118.84999,108.382645,75.9625,191.48
CMG,2026-01-05 22:00:00,2026-01-05 07:00:00,124.5641,104.42021,104.95772,89.10484333333333
CMG,2026-01-05 23:00:00,2026-01-05 07:00:00,122.07277,124.81027,106.62367,87.66485
CMG,2026-01-06 00:00:00,2026-01-05 07:00:00,114.51959,127.08754,73.19293,95.27524
CMG,2026-01-06 01:00:00,2026-01-05 07:00:00,105.036606,99.61072,53.20638,61.72522
CMG,2026-01-06 02:00:00,2026-01-05 07:00:00,94.81835,94.29846,62.708534,71.36414666666667
CMG,2026-01-06 03:00:00,2026-01-05 07:00:00,82.15946,88.601616,70.9399,56.86319666666666
CMG,2026-01-06 04:00:00,2026-01-05 07:00:00,78.51323,86.092285,75.47741,54.55479
CMG,2026-01-06 05:00:00,2026-01-05 07:00:00,70.587906,93.656296,80.85864,55.99658333333333
CMG,2026-01-06 06:00:00,2026-01-05 07:00:00,59.838642,101.34044,84.71292,57.73358666666667
CMG,2026-01-06 07:00:00,2026-01-05 07:00:00,58.955353,109.35556,94.18945,60.71196666666666
CMG,2026-01-06 08:00:00,2026-01-06 07:00:00,37.87296,-18.755646,52.723495,0.0
CMG,2026-01-06 09:00:00,2026-01-06 07:00:00,138.5456,37.96951,65.71481,90.15662333333334
CMG,2026-01-06 10:00:00,2026-01-06 07:00:00,153.46983,140.39604,124.99185,231.67625999999998
CMG,2026-01-06 11:00:00,2026-01-06 07:00:00,154.73056,190.81158,147.72354,235.98742666666666
CMG,2026-01-06 12:00:00,2026-01-06 07:00:00,142.08752,118.441086,160.3051,248.10036666666667
CMG,2026-01-06 13:00:00,2026-01-06 07:00:00,112.84229,110.76466,174.91345,249.13582333333332
CMG,2026-01-06 14:00:00,2026-01-06 07:00:00,104.594734,130.88312,196.80652,245.78197333333333
CMG,2026-01-06 15:00:00,2026-01-06 07:00:00,109.263054,140.76486,204.37332,239.40639666666667
CMG,2026-01-06 16:00:00,2026-01-06 07:00:00,109.956314,89.62317,203.07228,249.42236666666668
CMG,2026-01-06 17:00:00,2026-01-06 07:00:00,99.92982,56.18399,197.0181,237.59597
CMG,2026-01-06 18:00:00,2026-01-06 07:00:00,85.348694,43.793964,182.50787,129.40028333333333
CMG,2026-01-06 19:00:00,2026-01-06 07:00:00,100.17927,-20.95845,148.37001,90.09140000000001
CMG,2026-01-06 20:00:00,2026-01-06 07:00:00,173.64102,28.32977,160.7186,91.38010000000001
CMG,2026-01-06 21:00:00,2026-01-06 07:00:00,186.65248,111.23162,133.05656,229.10506666666666
CMG,2026-01-06 22:00:00,2026-01-06 07:00:00,94.07016,159.52641,99.59188,121.77261
CMG,2026-01-06 23:00:00,2026-01-06 07:00:00,56.178493,87.49872,77.27322,84.34125
CMG,2026-01-07 00:00:00,2026-01-06 07:00:00,50.045776,64.02361,81.03347,149.87322666666668
CMG,2026-01-07 01:00:00,2026-01-06 07:00:00,69.999176,53.765717,77.75018,47.22549
CMG,2026-01-07 02:00:00,2026-01-06 07:00:00,74.33842,67.47418,52.50626,50.17159
CMG,2026-01-07 03:00:00,2026-01-06 07:00:00,80.9146,69.51365,61.250893,43.829206666666664
CMG,2026-01-07 04:00:00,2026-01-06 07:00:00,96.75142,71.46611,48.562454,51.042833333333334
CMG,2026-01-07 05:00:00,2026-01-06 07:00:00,119.97909,64.93344,65.02208,53.78648333333333
CMG,2026-01-07 06:00:00,2026-01-06 07:00:00,126.25793,87.61742,73.711494,60.63131333333333
CMG,2026-01-07 07:00:00,2026-01-06 07:00:00,118.42993,101.372055,86.58896,45.012123333333335
CMG,2026-01-07 08:00:00,2026-01-07 07:00:00,-34.42959,-12.398338,27.150715,16.116673333333335
CMG,2026-01-07 09:00:00,2026-01-07 07:00:00,37.31304,117.46448,72.428764,127.95
CMG,2026-01-07 10:00:00,2026-01-07 07:00:00,142.00043,149.27621,120.185715,238.11413333333334
CMG,2026-01-07 11:00:00,2026-01-07 07:00:00,154.65956,153.28816,122.25171,242.74943999999996
CMG,2026-01-07 12:00:00,2026-01-07 07:00:00,132.70409,133.86838,113.474915,208.81743666666668
CMG,2026-01-07 13:00:00,2026-01-07 07:00:00,117.70885,125.36701,149.422,154.50815666666668
CMG,2026-01-07 14:00:00,2026-01-07 07:00:00,107.97343,145.33528,160.96602,157.81353333333334
CMG,2026-01-07 15:00:00,2026-01-07 07:00:00,107.756325,161.05875,160.5636,156.78566999999998
CMG,2026-01-07 16:00:00,2026-01-07 07:00:00,112.94448,119.05736,135.00104,154.87495
CMG,2026-01-07 17:00:00,2026-01-07 07:00:00,102.13668,94.74482,119.50093,52.474373333333325
CMG,2026-01-07 18:00:00,2026-01-07 07:00:00,85.7499,93.21447,82.53722,50.28118666666666
CMG,2026-01-07 19:00:00,2026-01-07 07:00:00,72.043076,161.27042,56.445004,176.95183999999998
CMG,2026-01-07 20:00:00,2026-01-07 07:00:00,70.74803,219.61377,82.22183,207.30729
CMG,2026-01-07 21:00:00,2026-01-07 07:00:00,80.203285,182.17715,100.77535,202.28886666666665
CMG,2026-01-07 22:00:00,2026-01-07 07:00:00,102.699524,107.419266,28.37156,217.79603333333333
CMG,2026-01-07 23:00:00,2026-01-07 07:00:00,64.21455,45.788635,27.48896,178.38
CMG,2026-01-08 00:00:00,2026-01-07 07:00:00,33.922504,37.607716,37.294598,64.73312
CMG,2026-01-08 01:00:00,2026-01-07 07:00:00,3.4504166,21.07544,3.516327,64.24612
CMG,2026-01-08 02:00:00,2026-01-07 07:00:00,-3.2424545,9.372795,1.0132904,70.79705333333334
CMG,2026-01-08 03:00:00,2026-01-07 07:00:00,1.6262665,-13.019531,-2.8304367,78.92733666666666
CMG,2026-01-08 04:00:00,2026-01-07 07:00:00,15.578613,-11.108086,-7.576027,53.684576666666665
CMG,2026-01-08 05:00:00,2026-01-07 07:00:00,42.193363,-13.680229,1.9471207,50.16188333333333
CMG,2026-01-08 06:00:00,2026-01-07 07:00:00,57.233162,14.791306,14.3828125,55.52368666666666
CMG,2026-01-08 07:00:00,2026-01-07 07:00:00,52.518913,-5.205948,14.359695,55.117713333333334
CMG,2026-01-08 08:00:00,2026-01-08 07:00:00,32.343147,-5.943138,42.79059,77.95223333333334
CMG,2026-01-08 09:00:00,2026-01-08 07:00:00,44.019627,27.953026,55.572876,153.48762333333332
CMG,2026-01-08 10:00:00,2026-01-08 07:00:00,77.40758,116.883965,109.09818,153.74213666666665
CMG,2026-01-08 11:00:00,2026-01-08 07:00:00,89.73761,130.63167,97.63084,149.43211666666664
CMG,2026-01-08 12:00:00,2026-01-08 07:00:00,66.11058,131.45523,85.825874,149.89306333333332
CMG,2026-01-08 13:00:00,2026-01-08 07:00:00,52.588818,119.74878,95.90387,152.45569666666665
CMG,2026-01-08 14:00:00,2026-01-08 07:00:00,44.15422,100.38435,113.70357,151.10343
CMG,2026-01-08 15:00:00,2026-01-08 07:00:00,41.27423,93.00327,111.81487,146.96732666666665
CMG,2026-01-08 16:00:00,2026-01-08 07:00:00,37.59904,75.31346,105.39482,144.57581000000002
CMG,2026-01-08 17:00:00,2026-01-08 07:00:00,22.04438,58.49848,74.02553,145.03074333333333
CMG,2026-01-08 18:00:00,2026-01-08 07:00:00,12.966797,54.526546,65.05393,146.93140333333335
CMG,2026-01-08 19:00:00,2026-01-08 07:00:00,23.373184,68.047264,88.57234,147.71310666666668
CMG,2026-01-08 20:00:00,2026-01-08 07:00:00,30.898571,85.8007,134.31155,143.50265666666667
CMG,2026-01-08 21:00:00,2026-01-08 07:00:00,37.04944,91.30426,118.30715,145.71541666666667
CMG,2026-01-08 22:00:00,2026-01-08 07:00:00,30.44883,64.504875,57.93919,154.55818333333332
CMG,2026-01-08 23:00:00,2026-01-08 07:00:00,33.918743,46.076717,54.22452,148.92909
CMG,2026-01-09 00:00:00,2026-01-08 07:00:00,31.359966,54.367336,60.21663,76.11642
CMG,2026-01-09 01:00:00,2026-01-08 07:00:00,21.123215,59.476444,47.759235,78.79478666666667
CMG,2026-01-09 02:00:00,2026-01-08 07:00:00,0.9745178,52.340565,28.533226,90.10821
CMG,2026-01-09 03:00:00,2026-01-08 07:00:00,-16.149971,41.444477,20.837753,89.44901
CMG,2026-01-09 04:00:00,2026-01-08 07:00:00,-31.249847,31.148972,39.465702,81.83802666666666
CMG,2026-01-09 05:00:00,2026-01-08 07:00:00,-39.493843,19.519981,53.612434,72.14400333333333
CMG,2026-01-09 06:00:00,2026-01-08 07:00:00,-27.576706,3.3382797,52.986813,55.03674
CMG,2026-01-09 07:00:00,2026-01-08 07:00:00,-19.899658,-7.0343704,20.37806,104.17673333333335
CMG,2026-01-09 08:00:00,2026-01-09 07:00:00,80.809006,99.81761,90.86667,147.68358
CMG,2026-01-09 09:00:00,2026-01-09 07:00:00,89.591095,108.60478,101.48605,152.82039666666665
CMG,2026-01-09 10:00:00,2026-01-09 07:00:00,101.7586,132.23758,150.38919,242.67583333333334
CMG,2026-01-09 11:00:00,2026-01-09 07:00:00,115.2458,144.16011,137.84842,242.49715333333333
CMG,2026-01-09 12:00:00,2026-01-09 07:00:00,110.03187,158.24123,141.5515,242.52464333333333
CMG,2026-01-09 13:00:00,2026-01-09 07:00:00,109.85226,168.10551,140.02032,238.14697
CMG,2026-01-09 14:00:00,2026-01-09 07:00:00,90.49791,166.24059,167.32527,237.07488333333333
CMG,2026-01-09 15:00:00,2026-01-09 07:00:00,82.95645,163.44461,151.11649,232.5254
CMG,2026-01-09 16:00:00,2026-01-09 07:00:00,67.178444,156.50934,141.8778,233.17140000000003
CMG,2026-01-09 17:00:00,2026-01-09 07:00:00,45.467113,112.0486,120.903305,232.54601666666667
CMG,2026-01-09 18:00:00,2026-01-09 07:00:00,47.096775,105.51538,101.048134,228.72316333333333
CMG,2026-01-09 19:00:00,2026-01-09 07:00:00,66.35272,115.007675,111.829346,139.92197666666667
CMG,2026-01-09 20:00:00,2026-01-09 07:00:00,73.15451,120.748604,116.128174,138.61208333333332
CMG,2026-01-09 21:00:00,2026-01-09 07:00:00,70.72735,120.7951,98.35158,74.80947666666667
CMG,2026-01-09 22:00:00,2026-01-09 07:00:00,58.987804,122.28601,95.463066,96.71544666666667
CMG,2026-01-09 23:00:00,2026-01-09 07:00:00,61.61346,121.34316,90.61454,74.51514
CMG,2026-01-10 00:00:00,2026-01-09 07:00:00,48.67913,112.303116,53.06745,152.99607
CMG,2026-01-10 01:00:00,2026-01-09 07:00:00,37.98172,106.83421,44.176243,151.01466000000002
CMG,2026-01-10 02:00:00,2026-01-09 07:00:00,37.72911,94.80848,50.940025,150.00650333333334
CMG,2026-01-10 03:00:00,2026-01-09 07:00:00,30.179375,87.34289,56.783405,89.46177
CMG,2026-01-10 04:00:00,2026-01-09 07:00:00,9.656891,94.09262,45.20015,57.21472666666667
CMG,2026-01-10 05:00:00,2026-01-09 07:00:00,-0.43704224,97.2156,38.188026,57.11133
CMG,2026-01-10 06:00:00,2026-01-09 07:00:00,-18.91697,94.32411,27.343819,70.03963666666667
CMG,2026-01-10 07:00:00,2026-01-09 07:00:00,-37.01635,95.3687,11.627296,67.64887333333333
CMG,2026-01-10 08:00:00,2026-01-10 07:00:00,45.298668,31.601128,70.4948,122.25193666666667
CMG,2026-01-10 09:00:00,2026-01-10 07:00:00,64.052155,54.330048,103.00267,152.78177333333335
CMG,2026-01-10 10:00:00,2026-01-10 07:00:00,106.94454,127.309235,146.47342,149.19560666666666
CMG,2026-01-10 11:00:00,2026-01-10 07:00:00,174.46378,142.75204,167.25095,152.43127333333334
CMG,2026-01-10 12:00:00,2026-01-10 07:00:00,176.34079,151.90231,200.68765,153.53405666666666
CMG,2026-01-10 13:00:00,2026-01-10 07:00:00,169.24414,159.09473,200.43729,150.22572
CMG,2026-01-10 14:00:00,2026-01-10 07:00:00,151.59668,161.8516,193.74124,148.51598666666666
CMG,2026-01-10 15:00:00,2026-01-10 07:00:00,130.46074,154.41875,176.55972,148.96906666666666
CMG,2026-01-10 16:00:00,2026-01-10 07:00:00,106.05061,151.81165,179.59717,180.24948000000003
CMG,2026-01-10 17:00:00,2026-01-10 07:00:00,78.881004,127.83552,157.46655,238.63828333333333
CMG,2026-01-10 18:00:00,2026-01-10 07:00:00,80.51104,120.2057,134.91458,233.34390333333332
CMG,2026-01-10 19:00:00,2026-01-10 07:00:00,129.43127,131.23499,110.00878,144.44921000000002
CMG,2026-01-10 20:00:00,2026-01-10 07:00:00,166.99168,162.8383,92.37578,140.07071333333334
CMG,2026-01-10 21:00:00,2026-01-10 07:00:00,195.27957,191.80502,110.13558,205.29039
CMG,2026-01-10 22:00:00,2026-01-10 07:00:00,208.79358,210.4154,84.3664,123.57
CMG,2026-01-10 23:00:00,2026-01-10 07:00:00,184.39427,161.23317,66.08878,202.67552999999998
CMG,2026-01-11 00:00:00,2026-01-10 07:00:00,175.63132,159.74084,88.09506,48.85811666666667
CMG,2026-01-11 01:00:00,2026-01-10 07:00:00,194.77911,146.6362,62.85795,51.54578333333333
CMG,2026-01-11 02:00:00,2026-01-10 07:00:00,184.92712,122.04018,76.6131,51.50823333333333
CMG,2026-01-11 03:00:00,2026-01-10 07:00:00,164.54498,92.465065,60.803345,68.39769
CMG,2026-01-11 04:00:00,2026-01-10 07:00:00,142.86018,82.39253,56.06893,70.65330999999999
CMG,2026-01-11 05:00:00,2026-01-10 07:00:00,133.142,78.954926,64.9039,71.07494000000001
CMG,2026-01-11 06:00:00,2026-01-10 07:00:00,122.51932,86.15932,70.70984,69.92428333333334
CMG,2026-01-11 07:00:00,2026-01-10 07:00:00,77.381775,82.583824,64.176025,71.77281333333333
CMG,2026-01-11 08:00:00,2026-01-11 07:00:00,31.160164,41.10901,73.07638,46.56992
CMG,2026-01-11 09:00:00,2026-01-11 07:00:00,42.508667,97.45796,123.0036,45.38584
CMG,2026-01-11 10:00:00,2026-01-11 07:00:00,52.75773,147.2185,150.97359,157.13455
CMG,2026-01-11 11:00:00,2026-01-11 07:00:00,54.738655,138.21193,193.65483,153.95755666666668
CMG,2026-01-11 12:00:00,2026-01-11 07:00:00,46.019073,125.62216,198.3722,157.31347000000002
CMG,2026-01-11 13:00:00,2026-01-11 07:00:00,39.02842,123.85095,203.66989,159.70057666666665
CMG,2026-01-11 14:00:00,2026-01-11 07:00:00,48.666824,110.36855,186.21028,150.47944666666666
CMG,2026-01-11 15:00:00,2026-01-11 07:00:00,57.400528,101.89575,179.94327,0.0
CMG,2026-01-11 16:00:00,2026-01-11 07:00:00,56.765297,98.64598,190.16951,159.13325999999998
CMG,2026-01-11 17:00:00,2026-01-11 07:00:00,64.28858,89.67668,153.53215,142.21403333333333
CMG,2026-01-11 18:00:00,2026-01-11 07:00:00,73.03267,88.86615,152.20432,155.83007333333333
CMG,2026-01-11 19:00:00,2026-01-11 07:00:00,81.08534,89.42212,122.92455,156.38459333333333
CMG,2026-01-11 20:00:00,2026-01-11 07:00:00,100.29416,78.25151,125.71585,158.51536333333334
CMG,2026-01-11 21:00:00,2026-01-11 07:00:00,92.06945,90.78845,150.6007,138.01543
CMG,2026-01-11 22:00:00,2026-01-11 07:00:00,91.31043,105.58902,120.14076,205.77462
CMG,2026-01-11 23:00:00,2026-01-11 07:00:00,101.71263,105.084694,129.53575,156.43699333333333
CMG,2026-01-12 00:00:00,2026-01-11 07:00:00,86.99256,91.0818,103.92997,165.58813333333333
CMG,2026-01-12 01:00:00,2026-01-11 07:00:00,71.02491,80.34558,63.18901,162.26354333333333
CMG,2026-01-12 02:00:00,2026-01-11 07:00:00,70.92245,67.62538,69.57706,63.85326333333333
CMG,2026-01-12 03:00:00,2026-01-11 07:00:00,71.43507,71.497475,61.44442,61.94896666666667
CMG,2026-01-12 04:00:00,2026-01-11 07:00:00,69.68683,76.121445,43.721603,53.120066666666666
CMG,2026-01-12 05:00:00,2026-01-11 07:00:00,66.72096,89.56109,30.398102,58.99100000000001
CMG,2026-01-12 06:00:00,2026-01-11 07:00:00,68.74232,99.386635,35.991936,64.92006666666667
CMG,2026-01-12 07:00:00,2026-01-11 07:00:00,75.68571,121.30264,75.47633,65.80951333333333
CMG,2026-01-12 08:00:00,2026-01-12 07:00:00,-8.364197,13.037338,69.63289,136.57462999999998
CMG,2026-01-12 09:00:00,2026-01-12 07:00:00,49.517387,51.4694,108.98347,159.66611333333333
CMG,2026-01-12 10:00:00,2026-01-12 07:00:00,95.1779,102.77634,172.91106,208.23898666666665
CMG,2026-01-12 11:00:00,2026-01-12 07:00:00,103.631775,113.71217,172.62198,203.85848
CMG,2026-01-12 12:00:00,2026-01-12 07:00:00,86.23877,107.87845,208.36313,205.5419433333333
CMG,2026-01-12 13:00:00,2026-01-12 07:00:00,77.57265,107.28622,229.81494,160.20569333333333
CMG,2026-01-12 14:00:00,2026-01-12 07:00:00,71.60296,84.13696,214.13998,155.38984
CMG,2026-01-12 15:00:00,2026-01-12 07:00:00,64.02135,83.25279,187.21317,191.20448333333334
CMG,2026-01-12 16:00:00,2026-01-12 07:00:00,70.19077,113.92638,215.8498,232.14466333333334
CMG,2026-01-12 17:00:00,2026-01-12 07:00:00,93.08684,130.6903,193.68288,201.40090333333333
CMG,2026-01-12 18:00:00,2026-01-12 07:00:00,99.58603,137.49712,180.93738,158.62519999999998
CMG,2026-01-12 19:00:00,2026-01-12 07:00:00,108.547775,125.72807,154.45946,153.33379333333335
CMG,2026-01-12 20:00:00,2026-01-12 07:00:00,138.98102,124.317505,189.75415,144.56678666666667
CMG,2026-01-12 21:00:00,2026-01-12 07:00:00,158.89288,125.68101,175.17532,152.33271666666667
CMG,2026-01-12 22:00:00,2026-01-12 07:00:00,161.62233,116.08281,150.59854,155.77798333333334
CMG,2026-01-12 23:00:00,2026-01-12 07:00:00,130.84456,92.16924,140.35074,54.931540000000005
CMG,2026-01-13 00:00:00,2026-01-12 07:00:00,99.56816,96.47668,122.914536,53.99926333333334
CMG,2026-01-13 01:00:00,2026-01-12 07:00:00,102.010666,105.22995,98.0034,56.21418666666667
CMG,2026-01-13 02:00:00,2026-01-12 07:00:00,95.681305,98.31525,92.29697,56.70812333333333
CMG,2026-01-13 03:00:00,2026-01-12 07:00:00,83.70202,74.045784,64.45402,53.171866666666666
CMG,2026-01-13 04:00:00,2026-01-12 07:00:00,81.280045,63.882935,60.94668,52.098013333333334
CMG,2026-01-13 05:00:00,2026-01-12 07:00:00,85.045906,57.14643,75.56235,48.98849333333334
CMG,2026-01-13 06:00:00,2026-01-12 07:00:00,79.53158,64.359924,80.348526,59.58611333333334
CMG,2026-01-13 07:00:00,2026-01-12 07:00:00,75.50139,75.17221,70.52676,148.42982666666668
CMG,2026-01-13 08:00:00,2026-01-13 07:00:00,147.76517,130.99751,143.88567,160.22727666666665
CMG,2026-01-13 09:00:00,2026-01-13 07:00:00,159.99825,181.22864,162.25006,168.08372333333332
CMG,2026-01-13 10:00:00,2026-01-13 07:00:00,210.8042,203.03543,194.59296,231.85655333333332
CMG,2026-01-13 11:00:00,2026-01-13 07:00:00,226.99326,222.87756,209.5235,210.11201666666668
CMG,2026-01-13 12:00:00,2026-01-13 07:00:00,175.5407,229.253,228.77379,162.48425333333333
CMG,2026-01-13 13:00:00,2026-01-13 07:00:00,149.97241,238.64125,213.86914,215.57491333333334
CMG,2026-01-13 14:00:00,2026-01-13 07:00:00,138.9284,241.83157,196.96182,242.0414166666667
CMG,2026-01-13 15:00:00,2026-01-13 07:00:00,141.27815,231.1166,192.1429,239.64859666666666
CMG,2026-01-13 16:00:00,2026-01-13 07:00:00,139.96048,223.1842,205.77048,237.63613999999998
CMG,2026-01-13 17:00:00,2026-01-13 07:00:00,122.35848,223.58836,198.08856,238.16173
CMG,2026-01-13 18:00:00,2026-01-13 07:00:00,146.54234,206.28763,154.84412,216.58434
CMG,2026-01-13 19:00:00,2026-01-13 07:00:00,198.3106,197.82959,160.52101,148.04701666666665
CMG,2026-01-13 20:00:00,2026-01-13 07:00:00,203.5009,189.28818,155.70789,142.85307
CMG,2026-01-13 21:00:00,2026-01-13 07:00:00,173.60773,164.63399,134.45293,142.98237666666668
CMG,2026-01-13 22:00:00,2026-01-13 07:00:00,140.18227,145.65082,128.57408,144.64616666666666
CMG,2026-01-13 23:00:00,2026-01-13 07:00:00,133.84134,148.60684,130.84062,73.55443333333334
CMG,2026-01-14 00:00:00,2026-01-13 07:00:00,163.78137,178.53627,116.21695,50.34511666666666
CMG,2026-01-14 01:00:00,2026-01-13 07:00:00,190.0662,178.65686,103.54323,53.77437
CMG,2026-01-14 02:00:00,2026-01-13 07:00:00,205.1449,169.67397,77.36603,64.15919000000001
CMG,2026-01-14 03:00:00,2026-01-13 07:00:00,214.22061,178.35208,72.36472,62.21336
CMG,2026-01-14 04:00:00,2026-01-13 07:00:00,207.95618,195.06503,29.23317,67.77506666666666
CMG,2026-01-14 05:00:00,2026-01-13 07:00:00,203.1514,189.02979,52.027596,56.225570000000005
CMG,2026-01-14 06:00:00,2026-01-13 07:00:00,186.44063,169.12263,56.87262,52.53851666666666
CMG,2026-01-14 07:00:00,2026-01-13 07:00:00,185.37671,171.62021,61.084457,85.82153
CMG,2026-01-14 08:00:00,2026-01-14 07:00:00,121.42699,100.335495,98.080215,0.0
CMG,2026-01-14 09:00:00,2026-01-14 07:00:00,139.92668,184.74576,124.91812,44.66868333333334
CMG,2026-01-14 10:00:00,2026-01-14 07:00:00,208.25418,213.51889,180.09438,0.0
CMG,2026-01-14 11:00:00,2026-01-14 07:00:00,250.53888,257.1263,204.13904,0.0
CMG,2026-01-14 12:00:00,2026-01-14 07:00:00,241.74324,282.10028,218.94983,0.0
CMG,2026-01-14 13:00:00,2026-01-14 07:00:00,251.14114,264.47864,202.55301,55.45719333333333
CMG,2026-01-14 14:00:00,2026-01-14 07:00:00,244.80347,247.09293,212.42693,339.6825333333333
CMG,2026-01-14 15:00:00,2026-01-14 07:00:00,241.09401,226.60915,168.14914,228.9776866666667
CMG,2026-01-14 16:00:00,2026-01-14 07:00:00,253.46468,234.42267,178.19432,196.39755666666667
CMG,2026-01-14 17:00:00,2026-01-14 07:00:00,251.63931,207.27112,169.8883,157.47054666666668
CMG,2026-01-14 18:00:00,2026-01-14 07:00:00,246.658,155.0721,166.68729,153.87549666666666
CMG,2026-01-14 19:00:00,2026-01-14 07:00:00,223.5037,138.72586,166.55939,149.20556666666667
CMG,2026-01-14 20:00:00,2026-01-14 07:00:00,183.58098,144.86484,148.64536,144.01091666666665
CMG,2026-01-14 21:00:00,2026-01-14 07:00:00,187.65947,138.75398,151.34164,143.16332666666665
CMG,2026-01-14 22:00:00,2026-01-14 07:00:00,176.21487,114.27584,144.77904,154.71911
CMG,2026-01-14 23:00:00,2026-01-14 07:00:00,139.32205,80.06823,120.86314,188.61922
CMG,2026-01-15 00:00:00,2026-01-14 07:00:00,129.39444,76.427124,82.50122,50.12086333333334
CMG,2026-01-15 01:00:00,2026-01-14 07:00:00,142.78664,85.40624,84.95125,53.01865333333333
CMG,2026-01-15 02:00:00,2026-01-14 07:00:00,142.89136,101.870636,63.72454,212.06636666666668
CMG,2026-01-15 03:00:00,2026-01-14 07:00:00,130.3889,104.23934,41.434,221.83271
CMG,2026-01-15 04:00:00,2026-01-14 07:00:00,123.87738,102.01345,46.753403,215.61718333333337
CMG,2026-01-15 05:00:00,2026-01-14 07:00:00,119.6574,93.6293,54.27449,81.59356000000001
CMG,2026-01-15 06:00:00,2026-01-14 07:00:00,124.33632,80.96065,55.29898,84.85493000000001
CMG,2026-01-15 07:00:00,2026-01-14 07:00:00,166.90639,66.64226,87.493546,85.72084666666666
CMG,2026-01-15 08:00:00,2026-01-15 07:00:00,70.63377,70.17186,94.21267,173.40537666666668
CMG,2026-01-15 09:00:00,2026-01-15 07:00:00,93.228546,92.27166,105.46766,244.71104666666668
CMG,2026-01-15 10:00:00,2026-01-15 07:00:00,154.36755,133.84834,130.82199,236.45270000000002
CMG,2026-01-15 11:00:00,2026-01-15 07:00:00,186.52635,160.68985,161.63406,236.58600333333334
CMG,2026-01-15 12:00:00,2026-01-15 07:00:00,149.04948,149.41928,141.40276,242.15822666666668
CMG,2026-01-15 13:00:00,2026-01-15 07:00:00,121.8801,137.23012,169.09882,240.64152333333334
CMG,2026-01-15 14:00:00,2026-01-15 07:00:00,125.923874,152.01839,196.63666,235.21825666666666
CMG,2026-01-15 15:00:00,2026-01-15 07:00:00,135.0048,180.61752,167.78275,213.12967333333336
CMG,2026-01-15 16:00:00,2026-01-15 07:00:00,140.00352,176.21428,171.21112,239.52871333333334
CMG,2026-01-15 17:00:00,2026-01-15 07:00:00,116.91118,155.5484,168.23383,233.82389666666666
CMG,2026-01-15 18:00:00,2026-01-15 07:00:00,112.26972,140.55356,203.02486,228.82564666666667
CMG,2026-01-15 19:00:00,2026-01-15 07:00:00,147.53659,132.8993,171.726,226.02211
CMG,2026-01-15 20:00:00,2026-01-15 07:00:00,158.98323,117.50553,174.54413,207.73093333333335
CMG,2026-01-15 21:00:00,2026-01-15 07:00:00,158.61444,135.0451,168.8306,246.98329333333334
CMG,2026-01-15 22:00:00,2026-01-15 07:00:00,157.17657,153.78285,147.64041,184.26333333333332
CMG,2026-01-15 23:00:00,2026-01-15 07:00:00,120.1675,105.810905,127.04348,167.85
CMG,2026-01-16 00:00:00,2026-01-15 07:00:00,80.98346,77.83143,110.806046,148.52295
CMG,2026-01-16 01:00:00,2026-01-15 07:00:00,70.88631,65.335434,132.99768,47.97513333333333
CMG,2026-01-16 02:00:00,2026-01-15 07:00:00,66.77798,52.57956,100.20563,71.28183
CMG,2026-01-16 03:00:00,2026-01-15 07:00:00,58.64251,37.757607,81.12639,56.818780000000004
CMG,2026-01-16 04:00:00,2026-01-15 07:00:00,52.242737,23.031212,82.96972,56.71493666666667
CMG,2026-01-16 05:00:00,2026-01-15 07:00:00,57.162773,42.403137,53.626442,47.71929666666667
CMG,2026-01-16 06:00:00,2026-01-15 07:00:00,61.347855,87.52963,45.716347,70.53269
CMG,2026-01-16 07:00:00,2026-01-15 07:00:00,74.60341,69.90025,93.287994,105.27297333333333
CMG,2026-01-16 08:00:00,2026-01-16 07:00:00,87.12719,37.281548,111.05393,158.75382
CMG,2026-01-16 09:00:00,2026-01-16 07:00:00,171.972,103.7896,135.40825,165.6526
CMG,2026-01-16 10:00:00,2026-01-16 07:00:00,250.7533,198.34738,159.0677,234.16980666666666
CMG,2026-01-16 11:00:00,2026-01-16 07:00:00,251.51126,223.3107,154.61314,234.6742866666667
CMG,2026-01-16 12:00:00,2026-01-16 07:00:00,242.81837,228.19153,190.8479,235.26985333333334
CMG,2026-01-16 13:00:00,2026-01-16 07:00:00,251.25992,240.48265,218.63641,231.45822666666666
CMG,2026-01-16 14:00:00,2026-01-16 07:00:00,214.96684,251.04529,244.39749,233.06976
CMG,2026-01-16 15:00:00,2026-01-16 07:00:00,159.14261,226.7002,204.7485,235.05965333333333
CMG,2026-01-16 16:00:00,2026-01-16 07:00:00,127.598915,145.95059,196.57661,242.2835266666667
CMG,2026-01-16 17:00:00,2026-01-16 07:00:00,117.840385,104.66855,222.104,236.93744
CMG,2026-01-16 18:00:00,2026-01-16 07:00:00,113.09311,110.06037,222.09383,223.67319333333333
CMG,2026-01-16 19:00:00,2026-01-16 07:00:00,140.57376,174.99402,201.23813,219.60449000000003
CMG,2026-01-16 20:00:00,2026-01-16 07:00:00,179.60406,202.56409,187.60843,176.41277666666667
CMG,2026-01-16 21:00:00,2026-01-16 07:00:00,222.00955,193.4432,176.86194,149.07270666666668
CMG,2026-01-16 22:00:00,2026-01-16 07:00:00,224.67131,172.87634,170.46591,147.11674
CMG,2026-01-16 23:00:00,2026-01-16 07:00:00,195.93814,155.49974,133.05571,143.30521666666667
CMG,2026-01-17 00:00:00,2026-01-16 07:00:00,179.83838,149.70761,100.66405,126.03857333333333
CMG,2026-01-17 01:00:00,2026-01-16 07:00:00,164.68904,120.28503,92.15947,61.074720000000006
CMG,2026-01-17 02:00:00,2026-01-16 07:00:00,147.35394,103.37587,108.103935,63.08757333333333
CMG,2026-01-17 03:00:00,2026-01-16 07:00:00,124.91887,103.85126,117.450745,62.13176000000001
CMG,2026-01-17 04:00:00,2026-01-16 07:00:00,102.22287,113.7013,104.94105,53.832370000000004
CMG,2026-01-17 05:00:00,2026-01-16 07:00:00,91.23891,95.258606,39.45981,59.83199666666667
CMG,2026-01-17 06:00:00,2026-01-16 07:00:00,84.770004,103.55754,56.934006,64.70042666666667
CMG,2026-01-17 07:00:00,2026-01-16 07:00:00,81.67164,110.29791,77.72252,63.62484333333333
CMG,2026-01-17 08:00:00,2026-01-17 07:00:00,17.568008,56.437607,77.822685,0.0
CMG,2026-01-17 09:00:00,2026-01-17 07:00:00,48.141365,142.57164,114.15705,0.0
CMG,2026-01-17 10:00:00,2026-01-17 07:00:00,139.56754,171.12231,133.45016,0.0
CMG,2026-01-17 11:00:00,2026-01-17 07:00:00,174.21082,179.7183,119.41316,0.0
CMG,2026-01-17 12:00:00,2026-01-17 07:00:00,167.45735,192.35718,153.53868,0.0
CMG,2026-01-17 13:00:00,2026-01-17 07:00:00,170.74757,197.17358,166.41397,0.0
CMG,2026-01-17 14:00:00,2026-01-17 07:00:00,162.37187,185.52348,193.89009,0.0
CMG,2026-01-17 15:00:00,2026-01-17 07:00:00,150.3583,167.06873,195.24332,0.0
CMG,2026-01-17 16:00:00,2026-01-17 07:00:00,147.91562,149.35966,230.63202,0.0
CMG,2026-01-17 17:00:00,2026-01-17 07:00:00,137.46632,153.78091,217.97307,0.0
CMG,2026-01-17 18:00:00,2026-01-17 07:00:00,145.94122,131.50143,193.90515,0.0
CMG,2026-01-17 19:00:00,2026-01-17 07:00:00,137.73549,139.33777,171.13226,0.0
CMG,2026-01-17 20:00:00,2026-01-17 07:00:00,129.89638,133.92847,154.89728,20.137313333333335
CMG,2026-01-17 21:00:00,2026-01-17 07:00:00,134.35834,119.680115,139.66124,53.537083333333335
CMG,2026-01-17 22:00:00,2026-01-17 07:00:00,125.97946,103.17392,140.07634,60.26323
CMG,2026-01-17 23:00:00,2026-01-17 07:00:00,97.42387,49.091354,116.83119,56.084646666666664
CMG,2026-01-18 00:00:00,2026-01-17 07:00:00,95.07787,56.76217,72.81338,51.45551333333333
CMG,2026-01-18 01:00:00,2026-01-17 07:00:00,90.02414,73.83624,44.80567,48.76813333333333
CMG,2026-01-18 02:00:00,2026-01-17 07:00:00,74.31359,72.86114,41.017708,58.02184666666667
CMG,2026-01-18 03:00:00,2026-01-17 07:00:00,53.36174,60.471382,53.657974,40.12788
CMG,2026-01-18 04:00:00,2026-01-17 07:00:00,40.56273,77.9947,37.53058,57.781533333333336
CMG,2026-01-18 05:00:00,2026-01-17 07:00:00,29.680786,87.37427,39.243813,57.609273333333334
CMG,2026-01-18 06:00:00,2026-01-17 07:00:00,24.250038,29.145493,38.205208,58.42378666666667
CMG,2026-01-18 07:00:00,2026-01-17 07:00:00,33.282196,-20.015533,69.93038,41.13980333333333
CMG,2026-01-18 08:00:00,2026-01-18 07:00:00,21.622543,40.93798,54.425674,0.0
CMG,2026-01-18 09:00:00,2026-01-18 07:00:00,17.735123,44.881256,71.58246,0.0
CMG,2026-01-18 10:00:00,2026-01-18 07:00:00,46.48591,56.212715,96.18552,0.0
CMG,2026-01-18 11:00:00,2026-01-18 07:00:00,97.30803,86.96244,95.23625,0.0
CMG,2026-01-18 12:00:00,2026-01-18 07:00:00,116.37666,108.902275,96.43141,0.0
CMG,2026-01-18 13:00:00,2026-01-18 07:00:00,99.51697,118.04952,100.68699,0.0
CMG,2026-01-18 14:00:00,2026-01-18 07:00:00,93.15613,118.35258,121.70956,0.0
CMG,2026-01-18 15:00:00,2026-01-18 07:00:00,106.708336,120.66258,82.36181,0.0
CMG,2026-01-18 16:00:00,2026-01-18 07:00:00,115.30163,126.66243,126.261894,0.0
CMG,2026-01-18 17:00:00,2026-01-18 07:00:00,116.01478,105.44606,115.35551,0.0
CMG,2026-01-18 18:00:00,2026-01-18 07:00:00,114.453354,83.78435,123.009476,0.0
CMG,2026-01-18 19:00:00,2026-01-18 07:00:00,108.893036,96.83171,110.00502,0.0
CMG,2026-01-18 20:00:00,2026-01-18 07:00:00,109.872986,97.20682,102.39925,52.80045333333334
CMG,2026-01-18 21:00:00,2026-01-18 07:00:00,117.14949,86.33298,119.75492,58.67123333333333
CMG,2026-01-18 22:00:00,2026-01-18 07:00:00,119.16889,90.22716,135.14871,60.209830000000004
CMG,2026-01-18 23:00:00,2026-01-18 07:00:00,145.9985,96.91171,114.15554,58.34426666666667
CMG,2026-01-19 00:00:00,2026-01-18 07:00:00,148.98206,101.30267,77.50618,42.29897
CMG,2026-01-19 01:00:00,2026-01-18 07:00:00,127.377174,97.64311,58.765343,46.94944666666667
CMG,2026-01-19 02:00:00,2026-01-18 07:00:00,127.94332,88.444824,86.56741,46.74355
CMG,2026-01-19 03:00:00,2026-01-18 07:00:00,127.13554,87.43436,48.96849,50.243719999999996
CMG,2026-01-19 04:00:00,2026-01-18 07:00:00,137.60114,89.99527,65.51851,58.12269
CMG,2026-01-19 05:00:00,2026-01-18 07:00:00,127.44714,93.85348,51.06402,49.63297
CMG,2026-01-19 06:00:00,2026-01-18 07:00:00,126.94493,98.40813,53.88137,46.102059999999994
CMG,2026-01-19 07:00:00,2026-01-18 07:00:00,159.28801,94.68745,65.15137,43.89546000000001
CMG,2026-01-19 08:00:00,2026-01-19 07:00:00,-23.368797,8.656364,47.024834,0.0
CMG,2026-01-19 09:00:00,2026-01-19 07:00:00,11.971298,36.875214,51.97834,0.0
CMG,2026-01-19 10:00:00,2026-01-19 07:00:00,51.49631,93.861435,94.96642,0.0
CMG,2026-01-19 11:00:00,2026-01-19 07:00:00,67.72802,106.37277,102.09598,0.0
CMG,2026-01-19 12:00:00,2026-01-19 07:00:00,110.78972,123.53099,97.896324,157.8996566666667
CMG,2026-01-19 13:00:00,2026-01-19 07:00:00,146.43808,144.67815,82.96961,142.86682333333331
CMG,2026-01-19 14:00:00,2026-01-19 07:00:00,148.13889,165.87662,99.38837,47.78890666666666
CMG,2026-01-19 15:00:00,2026-01-19 07:00:00,156.09804,183.53725,109.46164,47.70094
CMG,2026-01-19 16:00:00,2026-01-19 07:00:00,192.51404,191.893,122.02145,324.49593
CMG,2026-01-19 17:00:00,2026-01-19 07:00:00,188.02246,173.80954,116.88866,214.55911
CMG,2026-01-19 18:00:00,2026-01-19 07:00:00,164.0408,147.20906,119.581245,44.92452
CMG,2026-01-19 19:00:00,2026-01-19 07:00:00,150.14914,89.52231,103.91943,49.93148333333334
CMG,2026-01-19 20:00:00,2026-01-19 07:00:00,142.18521,96.38822,136.26863,72.45119
CMG,2026-01-19 21:00:00,2026-01-19 07:00:00,142.80011,114.33469,140.61995,106.99763
CMG,2026-01-19 22:00:00,2026-01-19 07:00:00,130.89838,147.594,110.98375,68.52224
CMG,2026-01-19 23:00:00,2026-01-19 07:00:00,97.63928,130.5589,108.75734,69.96257
CMG,2026-01-20 00:00:00,2026-01-19 07:00:00,78.41784,107.84314,99.451096,21.78807
CMG,2026-01-20 01:00:00,2026-01-19 07:00:00,62.77461,91.05444,72.9258,0.0
CMG,2026-01-20 02:00:00,2026-01-19 07:00:00,69.70409,79.55667,76.86051,0.0
CMG,2026-01-20 03:00:00,2026-01-19 07:00:00,83.92987,68.12941,60.63086,47.91660666666667
CMG,2026-01-20 04:00:00,2026-01-19 07:00:00,106.645996,62.34921,81.62705,49.88308333333333
CMG,2026-01-20 05:00:00,2026-01-19 07:00:00,120.592316,73.86456,75.91075,55.52180666666666
CMG,2026-01-20 06:00:00,2026-01-19 07:00:00,133.77731,91.418335,103.44937,64.83579333333334
CMG,2026-01-20 07:00:00,2026-01-19 07:00:00,143.70822,101.67562,89.16536,67.21433333333333
CMG,2026-01-20 08:00:00,2026-01-20 07:00:00,35.079544,59.857178,64.3819,51.12836333333333
CMG,2026-01-20 09:00:00,2026-01-20 07:00:00,151.48347,79.57596,75.63075,165.09090333333333
CMG,2026-01-20 10:00:00,2026-01-20 07:00:00,154.02872,94.13356,95.22379,238.68656333333334
CMG,2026-01-20 11:00:00,2026-01-20 07:00:00,134.76677,85.21365,116.184906,239.06185666666667
CMG,2026-01-20 12:00:00,2026-01-20 07:00:00,119.37164,91.51772,147.58076,247.43223666666665
CMG,2026-01-20 13:00:00,2026-01-20 07:00:00,106.94294,65.18381,159.42569,248.05549
CMG,2026-01-20 14:00:00,2026-01-20 07:00:00,91.048065,59.303482,152.1679,248.19622666666666
CMG,2026-01-20 15:00:00,2026-01-20 07:00:00,90.74177,70.78624,144.41437,238.65975666666668
CMG,2026-01-20 16:00:00,2026-01-20 07:00:00,124.219894,56.447617,195.73181,156.20392
CMG,2026-01-20 17:00:00,2026-01-20 07:00:00,155.19418,39.89052,179.88892,157.08254
CMG,2026-01-20 18:00:00,2026-01-20 07:00:00,120.074486,36.057068,147.88838,227.04902666666666
CMG,2026-01-20 19:00:00,2026-01-20 07:00:00,133.03716,25.173355,132.19153,236.05789333333334
CMG,2026-01-20 20:00:00,2026-01-20 07:00:00,197.78818,89.96029,134.32289,221.89994666666666
CMG,2026-01-20 21:00:00,2026-01-20 07:00:00,239.02652,102.539444,115.84194,225.59528
CMG,2026-01-20 22:00:00,2026-01-20 07:00:00,149.6206,89.08869,130.35062,131.99254666666664
CMG,2026-01-20 23:00:00,2026-01-20 07:00:00,85.42784,74.593445,112.75955,133.19508
CMG,2026-01-21 00:00:00,2026-01-20 07:00:00,66.77378,76.53983,79.1557,154.2645
CMG,2026-01-21 01:00:00,2026-01-20 07:00:00,94.758675,47.45696,59.307323,150.43050000000002
CMG,2026-01-21 02:00:00,2026-01-20 07:00:00,100.690346,51.001583,93.07553,153.07056
CMG,2026-01-21 03:00:00,2026-01-20 07:00:00,93.0158,52.296913,103.91063,159.30677
CMG,2026-01-21 04:00:00,2026-01-20 07:00:00,88.519455,49.878506,93.63834,159.33354999999997
CMG,2026-01-21 05:00:00,2026-01-20 07:00:00,115.390144,39.153763,74.185715,200.08817
CMG,2026-01-21 06:00:00,2026-01-20 07:00:00,134.4042,31.720093,90.213,156.46766333333335
CMG,2026-01-21 07:00:00,2026-01-20 07:00:00,165.10178,22.017479,116.356995,155.69985333333332
CMG,2026-01-21 08:00:00,2026-01-21 07:00:00,191.52419,101.16903,148.99457,163.99042
CMG,2026-01-21 09:00:00,2026-01-21 07:00:00,207.01428,145.10204,166.58122,243.51072333333332
CMG,2026-01-21 10:00:00,2026-01-21 07:00:00,176.76477,209.68414,164.87775,235.87045666666666
CMG,2026-01-21 11:00:00,2026-01-21 07:00:00,195.43108,251.70497,188.40485,241.58110333333332
CMG,2026-01-21 12:00:00,2026-01-21 07:00:00,192.45483,241.89117,216.05997,244.49509666666668
CMG,2026-01-21 13:00:00,2026-01-21 07:00:00,186.98474,219.79103,211.48251,246.63544666666667
CMG,2026-01-21 14:00:00,2026-01-21 07:00:00,192.33258,199.35303,200.89325,244.67372666666665
CMG,2026-01-21 15:00:00,2026-01-21 07:00:00,201.7615,181.4925,199.02362,242.73808
CMG,2026-01-21 16:00:00,2026-01-21 07:00:00,206.75192,189.06491,257.00494,245.19511333333332
CMG,2026-01-21 17:00:00,2026-01-21 07:00:00,195.624,189.47957,230.80879,247.23504
CMG,2026-01-21 18:00:00,2026-01-21 07:00:00,189.73233,166.35193,176.26877,228.24938666666665
CMG,2026-01-21 19:00:00,2026-01-21 07:00:00,215.7036,151.75333,183.6961,233.94485333333333
CMG,2026-01-21 20:00:00,2026-01-21 07:00:00,257.3531,164.36707,174.5028,199.53782666666666
CMG,2026-01-21 21:00:00,2026-01-21 07:00:00,259.33392,198.89877,151.81656,198.74513000000002
CMG,2026-01-21 22:00:00,2026-01-21 07:00:00,225.77155,215.61569,144.89235,209.78726666666668
CMG,2026-01-21 23:00:00,2026-01-21 07:00:00,182.92133,162.52112,153.22783,217.32093999999998
CMG,2026-01-22 00:00:00,2026-01-21 07:00:00,162.26483,142.34894,146.06802,214.26274666666666
CMG,2026-01-22 01:00:00,2026-01-21 07:00:00,161.58975,126.15678,112.76734,152.62000666666665
CMG,2026-01-22 02:00:00,2026-01-21 07:00:00,149.36746,131.02737,150.34698,148.56400666666667
CMG,2026-01-22 03:00:00,2026-01-21 07:00:00,131.5835,130.93771,131.60771,153.52034333333333
CMG,2026-01-22 04:00:00,2026-01-21 07:00:00,115.97681,141.79636,123.31233,151.67465666666666
CMG,2026-01-22 05:00:00,2026-01-21 07:00:00,118.86025,153.37334,146.29202,150.74731333333332
CMG,2026-01-22 06:00:00,2026-01-21 07:00:00,143.8894,143.76398,157.63661,152.30489
CMG,2026-01-22 07:00:00,2026-01-21 07:00:00,132.32605,137.07756,142.29947,156.59047999999999
CMG,2026-01-22 08:00:00,2026-01-22 07:00:00,74.63811,107.524086,151.77264,166.24656000000002
CMG,2026-01-22 09:00:00,2026-01-22 07:00:00,101.07164,134.1261,186.95384,241.94475
CMG,2026-01-22 10:00:00,2026-01-22 07:00:00,125.45972,143.9201,202.2171,231.39496999999997
CMG,2026-01-22 11:00:00,2026-01-22 07:00:00,123.631096,133.2757,196.45496,239.07113666666666
CMG,2026-01-22 12:00:00,2026-01-22 07:00:00,125.38821,114.70283,209.65836,235.37178000000003
CMG,2026-01-22 13:00:00,2026-01-22 07:00:00,125.404076,110.021866,221.7444,242.14953666666668
CMG,2026-01-22 14:00:00,2026-01-22 07:00:00,132.83672,108.722046,206.54147,239.55272333333335
CMG,2026-01-22 15:00:00,2026-01-22 07:00:00,140.47722,102.77973,208.96951,246.99896333333334
CMG,2026-01-22 16:00:00,2026-01-22 07:00:00,132.81798,105.66889,228.42514,249.26002000000003
CMG,2026-01-22 17:00:00,2026-01-22 07:00:00,118.08655,100.74861,216.91638,243.88255
CMG,2026-01-22 18:00:00,2026-01-22 07:00:00,129.78935,123.25226,210.36005,232.41770666666665
CMG,2026-01-22 19:00:00,2026-01-22 07:00:00,202.51605,186.138,204.04437,171.86049333333335
CMG,2026-01-22 20:00:00,2026-01-22 07:00:00,262.45654,219.13261,199.70404,161.34937
CMG,2026-01-22 21:00:00,2026-01-22 07:00:00,257.78107,213.88046,198.07367,163.14062333333334
CMG,2026-01-22 22:00:00,2026-01-22 07:00:00,221.10144,221.73264,175.14288,199.29530333333332
CMG,2026-01-22 23:00:00,2026-01-22 07:00:00,184.35297,196.31866,172.79147,158.47609
CMG,2026-01-23 00:00:00,2026-01-22 07:00:00,171.03232,171.40361,146.65817,153.75539666666666
CMG,2026-01-23 01:00:00,2026-01-22 07:00:00,145.60437,136.59096,112.01648,150.11006
CMG,2026-01-23 02:00:00,2026-01-22 07:00:00,121.85045,94.6167,106.54934,150.61444666666668
CMG,2026-01-23 03:00:00,2026-01-22 07:00:00,110.29443,67.682175,104.07886,95.11200666666667
CMG,2026-01-23 04:00:00,2026-01-22 07:00:00,101.61205,68.78941,85.994965,121.78423
CMG,2026-01-23 05:00:00,2026-01-22 07:00:00,97.32158,74.97508,82.95784,121.34853666666667
CMG,2026-01-23 06:00:00,2026-01-22 07:00:00,92.613525,88.828476,94.579834,186.57931666666664
CMG,2026-01-23 07:00:00,2026-01-22 07:00:00,50.91362,86.59001,102.461624,180.95554333333334
CMG,2026-01-23 08:00:00,2026-01-23 07:00:00,107.34065,137.45576,165.95029,66.33858
CMG,2026-01-23 09:00:00,2026-01-23 07:00:00,102.32834,159.48102,173.70624,235.26614666666669
CMG,2026-01-23 10:00:00,2026-01-23 07:00:00,111.1619,204.58427,158.47679,238.15981
CMG,2026-01-23 11:00:00,2026-01-23 07:00:00,116.85573,222.73529,132.69652,240.44999666666664
CMG,2026-01-23 12:00:00,2026-01-23 07:00:00,112.14517,217.47913,168.58496,242.54933666666668
CMG,2026-01-23 13:00:00,2026-01-23 07:00:00,107.954636,220.36533,194.45807,238.26510666666664
CMG,2026-01-23 14:00:00,2026-01-23 07:00:00,106.953766,215.7398,192.54297,241.37792
CMG,2026-01-23 15:00:00,2026-01-23 07:00:00,114.28588,199.02472,182.80106,236.15918333333335
CMG,2026-01-23 16:00:00,2026-01-23 07:00:00,110.27261,193.4255,198.06306,240.50923
CMG,2026-01-23 17:00:00,2026-01-23 07:00:00,109.08097,174.44556,172.85297,232.42776
CMG,2026-01-23 18:00:00,2026-01-23 07:00:00,118.26565,151.69437,164.596,218.51030666666665
CMG,2026-01-23 19:00:00,2026-01-23 07:00:00,142.53278,164.35301,160.87656,224.49146333333331
CMG,2026-01-23 20:00:00,2026-01-23 07:00:00,169.91675,202.11673,144.00307,219.89396333333335
CMG,2026-01-23 21:00:00,2026-01-23 07:00:00,183.18419,199.91956,133.79651,188.67999999999998
CMG,2026-01-23 22:00:00,2026-01-23 07:00:00,182.04239,184.23885,118.71545,159.69012999999998
CMG,2026-01-23 23:00:00,2026-01-23 07:00:00,154.97127,193.37755,117.80677,153.05205666666666
CMG,2026-01-24 00:00:00,2026-01-23 07:00:00,140.36104,197.95143,108.32168,162.01112
CMG,2026-01-24 01:00:00,2026-01-23 07:00:00,133.78532,191.01157,71.344124,79.88481333333334
CMG,2026-01-24 02:00:00,2026-01-23 07:00:00,118.67511,183.44574,38.500412,80.06071666666666
CMG,2026-01-24 03:00:00,2026-01-23 07:00:00,98.92395,167.27663,60.87699,73.40008333333333
CMG,2026-01-24 04:00:00,2026-01-23 07:00:00,78.09149,156.65633,93.08499,73.10614333333334
CMG,2026-01-24 05:00:00,2026-01-23 07:00:00,67.21552,139.99625,84.569626,71.98264
CMG,2026-01-24 06:00:00,2026-01-23 07:00:00,54.24624,121.40462,76.681465,75.52298333333333
CMG,2026-01-24 07:00:00,2026-01-23 07:00:00,39.984924,104.21169,69.74823,171.24408000000003
CMG,2026-01-24 08:00:00,2026-01-24 07:00:00,40.17167,128.21375,156.09683,80.23302333333334
CMG,2026-01-24 09:00:00,2026-01-24 07:00:00,45.790268,137.57996,166.11055,176.99129000000002
CMG,2026-01-24 10:00:00,2026-01-24 07:00:00,48.771202,167.3915,172.62698,183.38209666666668
CMG,2026-01-24 11:00:00,2026-01-24 07:00:00,54.625153,181.18181,150.50577,181.04448666666667
CMG,2026-01-24 12:00:00,2026-01-24 07:00:00,54.428467,196.29436,151.40742,180.84885
CMG,2026-01-24 13:00:00,2026-01-24 07:00:00,58.325592,202.461,157.05844,227.293
CMG,2026-01-24 14:00:00,2026-01-24 07:00:00,61.45141,197.71696,162.41,227.97046
CMG,2026-01-24 15:00:00,2026-01-24 07:00:00,68.725235,176.68956,155.07399,195.42
CMG,2026-01-24 16:00:00,2026-01-24 07:00:00,72.86608,177.57541,145.02174,212.62435333333335
CMG,2026-01-24 17:00:00,2026-01-24 07:00:00,74.36408,171.6412,135.08916,205.97552
CMG,2026-01-24 18:00:00,2026-01-24 07:00:00,76.499664,155.261,116.055176,167.94720333333333
CMG,2026-01-24 19:00:00,2026-01-24 07:00:00,92.53409,156.992,108.978165,169.19910333333334
CMG,2026-01-24 20:00:00,2026-01-24 07:00:00,110.01909,179.30429,103.13866,157.86941000000002
CMG,2026-01-24 21:00:00,2026-01-24 07:00:00,110.173836,198.03384,117.02971,161.48066
CMG,2026-01-24 22:00:00,2026-01-24 07:00:00,88.04878,206.16412,91.83248,74.13006
CMG,2026-01-24 23:00:00,2026-01-24 07:00:00,74.80578,163.12067,87.30821,70.64158666666667
CMG,2026-01-25 00:00:00,2026-01-24 07:00:00,70.55,170.69533,79.81903,49.20412666666667
CMG,2026-01-25 01:00:00,2026-01-24 07:00:00,65.445015,180.87616,46.154366,54.475163333333334
CMG,2026-01-25 02:00:00,2026-01-24 07:00:00,52.09365,176.30708,48.4216,47.24907666666667
CMG,2026-01-25 03:00:00,2026-01-24 07:00:00,44.193962,166.59595,35.15239,53.06679333333333
CMG,2026-01-25 04:00:00,2026-01-24 07:00:00,41.581398,171.61908,38.57084,53.55275333333333
CMG,2026-01-25 05:00:00,2026-01-24 07:00:00,51.09037,171.29683,51.85962,64.43450666666666
CMG,2026-01-25 06:00:00,2026-01-24 07:00:00,63.97113,169.067,55.893326,64.98333000000001
CMG,2026-01-25 07:00:00,2026-01-24 07:00:00,60.201157,165.40572,62.55577,64.51662666666667
CMG,2026-01-25 08:00:00,2026-01-25 07:00:00,42.595963,58.81839,62.240494,3.2746666666666666
CMG,2026-01-25 09:00:00,2026-01-25 07:00:00,38.08145,82.13942,113.62771,1.92514
CMG,2026-01-25 10:00:00,2026-01-25 07:00:00,22.441406,77.80383,114.233505,173.95001666666667
CMG,2026-01-25 11:00:00,2026-01-25 07:00:00,20.168015,74.484436,118.73057,169.93956666666668
CMG,2026-01-25 12:00:00,2026-01-25 07:00:00,15.431572,76.81937,148.14258,171.02876333333333
CMG,2026-01-25 13:00:00,2026-01-25 07:00:00,11.484848,72.83611,167.5818,172.5697
CMG,2026-01-25 14:00:00,2026-01-25 07:00:00,10.70755,67.34734,121.19108,169.23686333333333
CMG,2026-01-25 15:00:00,2026-01-25 07:00:00,15.599304,65.470634,103.82027,0.0
CMG,2026-01-25 16:00:00,2026-01-25 07:00:00,12.938774,62.61004,131.22043,0.0
CMG,2026-01-25 17:00:00,2026-01-25 07:00:00,7.716797,66.00749,143.34818,0.0
CMG,2026-01-25 18:00:00,2026-01-25 07:00:00,23.973526,69.20582,122.983444,0.0
CMG,2026-01-25 19:00:00,2026-01-25 07:00:00,57.86499,86.66371,107.917175,0.0
CMG,2026-01-25 20:00:00,2026-01-25 07:00:00,76.913895,117.17726,115.43456,163.88765
CMG,2026-01-25 21:00:00,2026-01-25 07:00:00,88.828705,111.76607,89.8446,168.15508333333332
CMG,2026-01-25 22:00:00,2026-01-25 07:00:00,94.3597,100.33934,61.14618,162.49400666666668
CMG,2026-01-25 23:00:00,2026-01-25 07:00:00,95.20963,122.80555,67.12787,160.74474666666666
CMG,2026-01-26 00:00:00,2026-01-25 07:00:00,86.32439,121.41782,56.091194,166.30562999999998
CMG,2026-01-26 01:00:00,2026-01-25 07:00:00,80.73164,109.67201,36.176407,168.77122333333332
CMG,2026-01-26 02:00:00,2026-01-25 07:00:00,80.11757,101.12344,52.160645,67.55969333333333
CMG,2026-01-26 03:00:00,2026-01-25 07:00:00,82.12422,90.28172,31.850319,50.19351333333333
CMG,2026-01-26 04:00:00,2026-01-25 07:00:00,82.599976,88.839645,11.405594,52.240006666666666
CMG,2026-01-26 05:00:00,2026-01-25 07:00:00,87.874176,93.736725,49.73104,53.798030000000004
CMG,2026-01-26 06:00:00,2026-01-25 07:00:00,102.449875,117.780464,69.28686,65.63145333333334
CMG,2026-01-26 07:00:00,2026-01-25 07:00:00,117.67143,146.99835,58.53675,91.56623666666667
CMG,2026-01-26 08:00:00,2026-01-26 07:00:00,58.34909,59.934975,76.1282,95.71452333333333
CMG,2026-01-26 09:00:00,2026-01-26 07:00:00,132.92252,99.19164,96.60118,184.82383000000002
CMG,2026-01-26 10:00:00,2026-01-26 07:00:00,164.45503,177.22174,126.78282,217.25823666666668
CMG,2026-01-26 11:00:00,2026-01-26 07:00:00,164.09601,210.58691,161.01544,184.58108666666666
CMG,2026-01-26 12:00:00,2026-01-26 07:00:00,144.95967,205.54514,182.42464,182.72829000000002
CMG,2026-01-26 13:00:00,2026-01-26 07:00:00,122.20353,199.5745,163.1942,180.97457333333332
CMG,2026-01-26 14:00:00,2026-01-26 07:00:00,112.93333,192.99655,150.93748,228.47649
CMG,2026-01-26 15:00:00,2026-01-26 07:00:00,122.87532,186.38295,143.0776,234.84882000000002
CMG,2026-01-26 16:00:00,2026-01-26 07:00:00,140.80222,193.01222,177.51117,223.8195466666667
CMG,2026-01-26 17:00:00,2026-01-26 07:00:00,158.16292,172.47961,134.83702,234.9712233333333
CMG,2026-01-26 18:00:00,2026-01-26 07:00:00,169.56866,155.83757,119.87913,216.72691
CMG,2026-01-26 19:00:00,2026-01-26 07:00:00,196.20195,178.07956,110.54379,217.42038
CMG,2026-01-26 20:00:00,2026-01-26 07:00:00,235.51434,171.24167,149.95494,203.89158333333333
CMG,2026-01-26 21:00:00,2026-01-26 07:00:00,247.01172,176.90038,132.27066,166.04204333333334
CMG,2026-01-26 22:00:00,2026-01-26 07:00:00,234.71875,188.51991,95.736984,223.45106
CMG,2026-01-26 23:00:00,2026-01-26 07:00:00,231.47641,169.55736,99.72203,206.64074333333335
CMG,2026-01-27 00:00:00,2026-01-26 07:00:00,231.79616,141.94746,112.42643,173.87309333333334
CMG,2026-01-27 01:00:00,2026-01-26 07:00:00,235.48868,133.32443,96.17024,158.4710233333333
CMG,2026-01-27 02:00:00,2026-01-26 07:00:00,234.06635,130.33023,79.524925,78.45630999999999
CMG,2026-01-27 03:00:00,2026-01-26 07:00:00,220.6038,131.34299,78.803986,57.95487666666667
CMG,2026-01-27 04:00:00,2026-01-26 07:00:00,205.4447,132.41344,67.71525,76.16793
CMG,2026-01-27 05:00:00,2026-01-26 07:00:00,202.18982,145.55452,76.361664,75.04764333333334
CMG,2026-01-27 06:00:00,2026-01-26 07:00:00,198.35147,163.58978,87.962776,78.18311666666666
CMG,2026-01-27 07:00:00,2026-01-26 07:00:00,201.93478,205.9112,114.53786,80.11234333333333
