unique_id,ds,cutoff,TiDE,y
CMG,2026-02-16 11:00:00,2026-02-16 10:00:00,51.66708,52.413333333333334
CMG,2026-02-16 12:00:00,2026-02-16 10:00:00,57.688854,0.0
CMG,2026-02-16 13:00:00,2026-02-16 10:00:00,80.92108,30.55
CMG,2026-02-16 14:00:00,2026-02-16 10:00:00,91.0403,29.393333333333334
CMG,2026-02-16 15:00:00,2026-02-16 10:00:00,94.63299,0.0
CMG,2026-02-16 16:00:00,2026-02-16 10:00:00,109.15238,0.0
CMG,2026-02-16 17:00:00,2026-02-16 10:00:00,104.15847,57.45333333333334
CMG,2026-02-16 18:00:00,2026-02-16 10:00:00,100.875275,57.64666666666667
CMG,2026-02-16 19:00:00,2026-02-16 10:00:00,104.75291,0.0
CMG,2026-02-16 20:00:00,2026-02-16 10:00:00,93.22988,21.186666666666667
CMG,2026-02-16 21:00:00,2026-02-16 10:00:00,101.48013,22.013333333333335
CMG,2026-02-16 22:00:00,2026-02-16 10:00:00,108.197365,20.896666666666665
CMG,2026-02-16 23:00:00,2026-02-16 10:00:00,102.31422,45.01
CMG,2026-02-17 00:00:00,2026-02-16 10:00:00,107.3054,59.75333333333333
CMG,2026-02-17 01:00:00,2026-02-16 10:00:00,110.45778,60.41
CMG,2026-02-17 02:00:00,2026-02-16 10:00:00,99.93415,65.14333333333333
CMG,2026-02-17 03:00:00,2026-02-16 10:00:00,92.7511,59.916666666666664
CMG,2026-02-17 04:00:00,2026-02-16 10:00:00,90.446365,66.52333333333333
CMG,2026-02-17 05:00:00,2026-02-16 10:00:00,88.587524,68.58
CMG,2026-02-17 06:00:00,2026-02-16 10:00:00,82.27067,79.47666666666667
CMG,2026-02-17 07:00:00,2026-02-16 10:00:00,92.253975,78.89333333333333
CMG,2026-02-17 08:00:00,2026-02-16 10:00:00,77.021484,90.17
CMG,2026-02-17 09:00:00,2026-02-16 10:00:00,88.06388,91.79333333333334
CMG,2026-02-17 10:00:00,2026-02-16 10:00:00,103.03611,132.83
CMG,2026-02-17 11:00:00,2026-02-17 10:00:00,129.54257,119.38666666666667
CMG,2026-02-17 12:00:00,2026-02-17 10:00:00,122.96145,132.35333333333332
CMG,2026-02-17 13:00:00,2026-02-17 10:00:00,127.88202,217.76666666666665
CMG,2026-02-17 14:00:00,2026-02-17 10:00:00,120.101944,222.40333333333334
CMG,2026-02-17 15:00:00,2026-02-17 10:00:00,119.89596,217.63333333333335
CMG,2026-02-17 16:00:00,2026-02-17 10:00:00,107.37839,179.98333333333335
CMG,2026-02-17 17:00:00,2026-02-17 10:00:00,110.63517,223.54
CMG,2026-02-17 18:00:00,2026-02-17 10:00:00,96.79452,220.20000000000002
CMG,2026-02-17 19:00:00,2026-02-17 10:00:00,84.75217,90.30666666666666
CMG,2026-02-17 20:00:00,2026-02-17 10:00:00,79.09787,140.84
CMG,2026-02-17 21:00:00,2026-02-17 10:00:00,78.391365,179.85333333333332
CMG,2026-02-17 22:00:00,2026-02-17 10:00:00,84.176094,88.94333333333333
CMG,2026-02-17 23:00:00,2026-02-17 10:00:00,81.93228,83.57666666666667
CMG,2026-02-18 00:00:00,2026-02-17 10:00:00,94.16247,79.58999999999999
CMG,2026-02-18 01:00:00,2026-02-17 10:00:00,96.85672,69.71333333333332
CMG,2026-02-18 02:00:00,2026-02-17 10:00:00,94.02322,78.72000000000001
CMG,2026-02-18 03:00:00,2026-02-17 10:00:00,79.4727,59.173333333333325
CMG,2026-02-18 04:00:00,2026-02-17 10:00:00,80.135086,59.419999999999995
CMG,2026-02-18 05:00:00,2026-02-17 10:00:00,75.76404,58.223333333333336
CMG,2026-02-18 06:00:00,2026-02-17 10:00:00,77.24392,57.836666666666666
CMG,2026-02-18 07:00:00,2026-02-17 10:00:00,79.983986,54.423333333333325
CMG,2026-02-18 08:00:00,2026-02-17 10:00:00,72.25786,53.629999999999995
CMG,2026-02-18 09:00:00,2026-02-17 10:00:00,92.662186,70.41666666666667
CMG,2026-02-18 10:00:00,2026-02-17 10:00:00,103.47569,116.93
CMG,2026-02-18 11:00:00,2026-02-18 10:00:00,115.24522,114.58999999999999
CMG,2026-02-18 12:00:00,2026-02-18 10:00:00,108.44922,111.29666666666667
CMG,2026-02-18 13:00:00,2026-02-18 10:00:00,139.06615,224.01333333333332
CMG,2026-02-18 14:00:00,2026-02-18 10:00:00,152.42903,161.22
CMG,2026-02-18 15:00:00,2026-02-18 10:00:00,148.69757,159.73
CMG,2026-02-18 16:00:00,2026-02-18 10:00:00,151.49492,139.1
CMG,2026-02-18 17:00:00,2026-02-18 10:00:00,168.48999,134.17
CMG,2026-02-18 18:00:00,2026-02-18 10:00:00,164.34279,36.81
CMG,2026-02-18 19:00:00,2026-02-18 10:00:00,129.98566,21.53
CMG,2026-02-18 20:00:00,2026-02-18 10:00:00,127.25161,22.756666666666664
CMG,2026-02-18 21:00:00,2026-02-18 10:00:00,142.64864,21.59
CMG,2026-02-18 22:00:00,2026-02-18 10:00:00,121.17399,19.826666666666664
CMG,2026-02-18 23:00:00,2026-02-18 10:00:00,110.15601,60.703333333333326
CMG,2026-02-19 00:00:00,2026-02-18 10:00:00,112.98319,65.15666666666665
CMG,2026-02-19 01:00:00,2026-02-18 10:00:00,107.24225,57.449999999999996
CMG,2026-02-19 02:00:00,2026-02-18 10:00:00,100.99148,55.05666666666667
CMG,2026-02-19 03:00:00,2026-02-18 10:00:00,95.00819,43.333333333333336
CMG,2026-02-19 04:00:00,2026-02-18 10:00:00,89.83717,51.086666666666666
CMG,2026-02-19 05:00:00,2026-02-18 10:00:00,84.091934,48.04333333333333
CMG,2026-02-19 06:00:00,2026-02-18 10:00:00,82.39416,46.14666666666667
CMG,2026-02-19 07:00:00,2026-02-18 10:00:00,100.88684,48.346666666666664
CMG,2026-02-19 08:00:00,2026-02-18 10:00:00,100.60979,25.253333333333334
CMG,2026-02-19 09:00:00,2026-02-18 10:00:00,107.17294,28.47666666666667
CMG,2026-02-19 10:00:00,2026-02-18 10:00:00,125.46731,25.043333333333333
CMG,2026-02-19 11:00:00,2026-02-19 10:00:00,27.917618,21.77333333333333
CMG,2026-02-19 12:00:00,2026-02-19 10:00:00,51.005173,0.0
CMG,2026-02-19 13:00:00,2026-02-19 10:00:00,93.91946,0.0
CMG,2026-02-19 14:00:00,2026-02-19 10:00:00,100.80666,0.0
CMG,2026-02-19 15:00:00,2026-02-19 10:00:00,102.608086,0.0
CMG,2026-02-19 16:00:00,2026-02-19 10:00:00,116.84022,0.0
CMG,2026-02-19 17:00:00,2026-02-19 10:00:00,136.97577,0.0
CMG,2026-02-19 18:00:00,2026-02-19 10:00:00,117.91677,0.0
CMG,2026-02-19 19:00:00,2026-02-19 10:00:00,85.94424,19.04
CMG,2026-02-19 20:00:00,2026-02-19 10:00:00,90.18395,17.37666666666667
CMG,2026-02-19 21:00:00,2026-02-19 10:00:00,109.74535,17.576666666666664
CMG,2026-02-19 22:00:00,2026-02-19 10:00:00,93.58177,17.353333333333335
CMG,2026-02-19 23:00:00,2026-02-19 10:00:00,78.823326,54.56333333333333
CMG,2026-02-20 00:00:00,2026-02-19 10:00:00,76.21266,49.11333333333334
CMG,2026-02-20 01:00:00,2026-02-19 10:00:00,79.28311,51.59666666666667
CMG,2026-02-20 02:00:00,2026-02-19 10:00:00,75.33403,49.73
CMG,2026-02-20 03:00:00,2026-02-19 10:00:00,59.234837,46.906666666666666
CMG,2026-02-20 04:00:00,2026-02-19 10:00:00,53.22784,46.06333333333333
CMG,2026-02-20 05:00:00,2026-02-19 10:00:00,49.533665,53.41
CMG,2026-02-20 06:00:00,2026-02-19 10:00:00,46.863583,53.626666666666665
CMG,2026-02-20 07:00:00,2026-02-19 10:00:00,54.33281,57.60999999999999
CMG,2026-02-20 08:00:00,2026-02-19 10:00:00,40.920033,59.10333333333333
CMG,2026-02-20 09:00:00,2026-02-19 10:00:00,43.245506,55.71666666666667
CMG,2026-02-20 10:00:00,2026-02-19 10:00:00,55.106945,68.39999999999999
CMG,2026-02-20 11:00:00,2026-02-20 10:00:00,65.84546,61.67666666666667
CMG,2026-02-20 12:00:00,2026-02-20 10:00:00,50.62088,64.45333333333333
CMG,2026-02-20 13:00:00,2026-02-20 10:00:00,64.698135,19.74
CMG,2026-02-20 14:00:00,2026-02-20 10:00:00,56.74686,58.64666666666667
CMG,2026-02-20 15:00:00,2026-02-20 10:00:00,43.603523,58.0
CMG,2026-02-20 16:00:00,2026-02-20 10:00:00,47.362022,56.97
CMG,2026-02-20 17:00:00,2026-02-20 10:00:00,62.481842,38.21666666666667
CMG,2026-02-20 18:00:00,2026-02-20 10:00:00,49.25114,38.43333333333334
CMG,2026-02-20 19:00:00,2026-02-20 10:00:00,41.358368,59.24
CMG,2026-02-20 20:00:00,2026-02-20 10:00:00,41.029587,58.586666666666666
CMG,2026-02-20 21:00:00,2026-02-20 10:00:00,56.291393,36.96333333333333
CMG,2026-02-20 22:00:00,2026-02-20 10:00:00,55.63934,45.03666666666667
CMG,2026-02-20 23:00:00,2026-02-20 10:00:00,67.00152,63.47
CMG,2026-02-21 00:00:00,2026-02-20 10:00:00,70.32889,64.41
CMG,2026-02-21 01:00:00,2026-02-20 10:00:00,69.89642,111.30999999999999
CMG,2026-02-21 02:00:00,2026-02-20 10:00:00,71.25105,108.88333333333333
CMG,2026-02-21 03:00:00,2026-02-20 10:00:00,52.891804,63.333333333333336
CMG,2026-02-21 04:00:00,2026-02-20 10:00:00,52.7252,64.28
CMG,2026-02-21 05:00:00,2026-02-20 10:00:00,51.12934,61.85666666666666
CMG,2026-02-21 06:00:00,2026-02-20 10:00:00,54.45872,61.00333333333333
CMG,2026-02-21 07:00:00,2026-02-20 10:00:00,62.365814,58.376666666666665
CMG,2026-02-21 08:00:00,2026-02-20 10:00:00,63.098877,41.5
CMG,2026-02-21 09:00:00,2026-02-20 10:00:00,64.542465,40.38
CMG,2026-02-21 10:00:00,2026-02-20 10:00:00,74.82584,55.173333333333325
CMG,2026-02-21 11:00:00,2026-02-21 10:00:00,55.119095,45.45666666666667
CMG,2026-02-21 12:00:00,2026-02-21 10:00:00,53.287216,18.043333333333333
CMG,2026-02-21 13:00:00,2026-02-21 10:00:00,63.55714,17.75
CMG,2026-02-21 14:00:00,2026-02-21 10:00:00,61.753036,52.92333333333334
CMG,2026-02-21 15:00:00,2026-02-21 10:00:00,71.02724,51.97666666666667
CMG,2026-02-21 16:00:00,2026-02-21 10:00:00,58.560402,52.56666666666666
CMG,2026-02-21 17:00:00,2026-02-21 10:00:00,63.916786,52.51
CMG,2026-02-21 18:00:00,2026-02-21 10:00:00,61.572914,34.87
CMG,2026-02-21 19:00:00,2026-02-21 10:00:00,52.031525,55.82666666666666
CMG,2026-02-21 20:00:00,2026-02-21 10:00:00,62.437332,56.07333333333333
CMG,2026-02-21 21:00:00,2026-02-21 10:00:00,57.075916,57.346666666666664
CMG,2026-02-21 22:00:00,2026-02-21 10:00:00,48.470314,19.61
CMG,2026-02-21 23:00:00,2026-02-21 10:00:00,73.52003,59.85666666666666
CMG,2026-02-22 00:00:00,2026-02-21 10:00:00,73.37924,56.68333333333334
CMG,2026-02-22 01:00:00,2026-02-21 10:00:00,80.16849,54.29333333333333
CMG,2026-02-22 02:00:00,2026-02-21 10:00:00,72.891525,53.156666666666666
CMG,2026-02-22 03:00:00,2026-02-21 10:00:00,56.65141,50.51666666666667
CMG,2026-02-22 04:00:00,2026-02-21 10:00:00,60.72814,50.51
CMG,2026-02-22 05:00:00,2026-02-21 10:00:00,66.73617,48.40333333333333
CMG,2026-02-22 06:00:00,2026-02-21 10:00:00,66.95028,50.88666666666666
CMG,2026-02-22 07:00:00,2026-02-21 10:00:00,60.537697,47.88333333333333
CMG,2026-02-22 08:00:00,2026-02-21 10:00:00,52.030098,34.26
CMG,2026-02-22 09:00:00,2026-02-21 10:00:00,48.98803,32.54333333333333
CMG,2026-02-22 10:00:00,2026-02-21 10:00:00,60.903343,34.63
CMG,2026-02-22 11:00:00,2026-02-22 10:00:00,32.340942,22.176666666666666
CMG,2026-02-22 12:00:00,2026-02-22 10:00:00,25.56044,0.0
CMG,2026-02-22 13:00:00,2026-02-22 10:00:00,49.74773,18.783333333333335
CMG,2026-02-22 14:00:00,2026-02-22 10:00:00,49.09617,18.413333333333334
CMG,2026-02-22 15:00:00,2026-02-22 10:00:00,56.213562,17.733333333333334
CMG,2026-02-22 16:00:00,2026-02-22 10:00:00,52.364983,18.19666666666667
CMG,2026-02-22 17:00:00,2026-02-22 10:00:00,48.793144,54.01
CMG,2026-02-22 18:00:00,2026-02-22 10:00:00,40.150276,35.660000000000004
CMG,2026-02-22 19:00:00,2026-02-22 10:00:00,42.212925,53.53333333333333
CMG,2026-02-22 20:00:00,2026-02-22 10:00:00,44.093956,57.29333333333333
CMG,2026-02-22 21:00:00,2026-02-22 10:00:00,38.240124,58.99666666666667
CMG,2026-02-22 22:00:00,2026-02-22 10:00:00,26.819542,22.650000000000002
CMG,2026-02-22 23:00:00,2026-02-22 10:00:00,46.32598,57.81666666666666
CMG,2026-02-23 00:00:00,2026-02-22 10:00:00,45.653976,64.23333333333333
CMG,2026-02-23 01:00:00,2026-02-22 10:00:00,56.836338,66.84333333333333
CMG,2026-02-23 02:00:00,2026-02-22 10:00:00,50.707275,66.55
CMG,2026-02-23 03:00:00,2026-02-22 10:00:00,39.44767,63.553333333333335
CMG,2026-02-23 04:00:00,2026-02-22 10:00:00,42.855503,64.85666666666667
CMG,2026-02-23 05:00:00,2026-02-22 10:00:00,46.245953,69.53666666666666
CMG,2026-02-23 06:00:00,2026-02-22 10:00:00,47.937187,63.836666666666666
CMG,2026-02-23 07:00:00,2026-02-22 10:00:00,47.816353,65.96333333333332
CMG,2026-02-23 08:00:00,2026-02-22 10:00:00,36.105793,61.836666666666666
CMG,2026-02-23 09:00:00,2026-02-22 10:00:00,51.81485,121.92
CMG,2026-02-23 10:00:00,2026-02-22 10:00:00,53.624336,117.50999999999999
CMG,2026-02-23 11:00:00,2026-02-23 10:00:00,112.218704,62.55666666666667
CMG,2026-02-23 12:00:00,2026-02-23 10:00:00,85.334045,53.836666666666666
CMG,2026-02-23 13:00:00,2026-02-23 10:00:00,95.98051,162.16
CMG,2026-02-23 14:00:00,2026-02-23 10:00:00,86.73734,165.53
CMG,2026-02-23 15:00:00,2026-02-23 10:00:00,70.650185,46.85
CMG,2026-02-23 16:00:00,2026-02-23 10:00:00,66.34181,35.5
CMG,2026-02-23 17:00:00,2026-02-23 10:00:00,76.30619,35.583333333333336
CMG,2026-02-23 18:00:00,2026-02-23 10:00:00,72.37567,35.583333333333336
CMG,2026-02-23 19:00:00,2026-02-23 10:00:00,57.950752,22.526666666666667
CMG,2026-02-23 20:00:00,2026-02-23 10:00:00,64.95604,62.846666666666664
CMG,2026-02-23 21:00:00,2026-02-23 10:00:00,69.062744,73.08333333333333
CMG,2026-02-23 22:00:00,2026-02-23 10:00:00,49.90885,54.90333333333333
CMG,2026-02-23 23:00:00,2026-02-23 10:00:00,72.56099,65.54666666666667
CMG,2026-02-24 00:00:00,2026-02-23 10:00:00,69.7902,148.87
CMG,2026-02-24 01:00:00,2026-02-23 10:00:00,76.67624,168.93666666666667
CMG,2026-02-24 02:00:00,2026-02-23 10:00:00,77.99162,62.21
CMG,2026-02-24 03:00:00,2026-02-23 10:00:00,70.29381,63.529999999999994
CMG,2026-02-24 04:00:00,2026-02-23 10:00:00,68.75575,61.51666666666667
CMG,2026-02-24 05:00:00,2026-02-23 10:00:00,78.987946,58.669999999999995
CMG,2026-02-24 06:00:00,2026-02-23 10:00:00,82.14994,61.56666666666666
CMG,2026-02-24 07:00:00,2026-02-23 10:00:00,84.04777,60.28666666666667
CMG,2026-02-24 08:00:00,2026-02-23 10:00:00,83.45282,35.28666666666667
CMG,2026-02-24 09:00:00,2026-02-23 10:00:00,99.88078,60.24666666666667
CMG,2026-02-24 10:00:00,2026-02-23 10:00:00,105.16979,60.46333333333333
CMG,2026-02-24 11:00:00,2026-02-24 10:00:00,57.326454,54.45666666666667
CMG,2026-02-24 12:00:00,2026-02-24 10:00:00,55.91244,19.186666666666667
CMG,2026-02-24 13:00:00,2026-02-24 10:00:00,81.40925,54.699999999999996
CMG,2026-02-24 14:00:00,2026-02-24 10:00:00,86.02545,56.623333333333335
CMG,2026-02-24 15:00:00,2026-02-24 10:00:00,65.322296,57.580000000000005
CMG,2026-02-24 16:00:00,2026-02-24 10:00:00,75.30535,55.95000000000001
CMG,2026-02-24 17:00:00,2026-02-24 10:00:00,84.698944,50.11000000000001
CMG,2026-02-24 18:00:00,2026-02-24 10:00:00,72.58988,49.97
CMG,2026-02-24 19:00:00,2026-02-24 10:00:00,65.62793,62.97666666666667
CMG,2026-02-24 20:00:00,2026-02-24 10:00:00,69.73076,61.870000000000005
CMG,2026-02-24 21:00:00,2026-02-24 10:00:00,69.33709,48.10666666666666
CMG,2026-02-24 22:00:00,2026-02-24 10:00:00,56.50821,47.43333333333334
CMG,2026-02-24 23:00:00,2026-02-24 10:00:00,75.23376,67.10666666666667
CMG,2026-02-25 00:00:00,2026-02-24 10:00:00,90.9319,97.08
CMG,2026-02-25 01:00:00,2026-02-24 10:00:00,87.26558,75.11333333333333
CMG,2026-02-25 02:00:00,2026-02-24 10:00:00,68.37482,72.93666666666667
CMG,2026-02-25 03:00:00,2026-02-24 10:00:00,64.717476,91.44666666666666
CMG,2026-02-25 04:00:00,2026-02-24 10:00:00,74.43431,91.29333333333334
CMG,2026-02-25 05:00:00,2026-02-24 10:00:00,67.78183,90.26333333333332
CMG,2026-02-25 06:00:00,2026-02-24 10:00:00,69.80015,94.83666666666666
CMG,2026-02-25 07:00:00,2026-02-24 10:00:00,62.51182,112.08666666666666
CMG,2026-02-25 08:00:00,2026-02-24 10:00:00,53.065304,118.08333333333333
CMG,2026-02-25 09:00:00,2026-02-24 10:00:00,67.90529,147.6
CMG,2026-02-25 10:00:00,2026-02-24 10:00:00,78.81958,165.74333333333334
CMG,2026-02-25 11:00:00,2026-02-25 10:00:00,158.90099,192.10666666666668
CMG,2026-02-25 12:00:00,2026-02-25 10:00:00,127.78749,239.16666666666666
CMG,2026-02-25 13:00:00,2026-02-25 10:00:00,127.56149,231.03333333333333
CMG,2026-02-25 14:00:00,2026-02-25 10:00:00,109.83678,240.41
CMG,2026-02-25 15:00:00,2026-02-25 10:00:00,93.804565,237.97333333333336
CMG,2026-02-25 16:00:00,2026-02-25 10:00:00,78.71675,232.63666666666666
CMG,2026-02-25 17:00:00,2026-02-25 10:00:00,79.18816,234.65
CMG,2026-02-25 18:00:00,2026-02-25 10:00:00,51.930714,238.97
CMG,2026-02-25 19:00:00,2026-02-25 10:00:00,49.453644,234.46
CMG,2026-02-25 20:00:00,2026-02-25 10:00:00,44.57488,232.20000000000002
CMG,2026-02-25 21:00:00,2026-02-25 10:00:00,39.312057,227.93999999999997
CMG,2026-02-25 22:00:00,2026-02-25 10:00:00,36.305023,200.17
CMG,2026-02-25 23:00:00,2026-02-25 10:00:00,64.69993,208.22333333333333
CMG,2026-02-26 00:00:00,2026-02-25 10:00:00,87.02019,210.83333333333334
CMG,2026-02-26 01:00:00,2026-02-25 10:00:00,81.6888,189.62333333333333
CMG,2026-02-26 02:00:00,2026-02-25 10:00:00,64.00716,188.84666666666666
CMG,2026-02-26 03:00:00,2026-02-25 10:00:00,65.94748,169.22333333333333
CMG,2026-02-26 04:00:00,2026-02-25 10:00:00,66.641846,182.65666666666667
CMG,2026-02-26 05:00:00,2026-02-25 10:00:00,62.33653,190.76999999999998
CMG,2026-02-26 06:00:00,2026-02-25 10:00:00,68.59214,137.97666666666666
CMG,2026-02-26 07:00:00,2026-02-25 10:00:00,79.86638,135.28333333333333
CMG,2026-02-26 08:00:00,2026-02-25 10:00:00,75.41423,181.78333333333333
CMG,2026-02-26 09:00:00,2026-02-25 10:00:00,85.05028,187.89666666666668
CMG,2026-02-26 10:00:00,2026-02-25 10:00:00,97.33562,125.26333333333332
CMG,2026-02-26 11:00:00,2026-02-26 10:00:00,124.91693,122.54666666666667
CMG,2026-02-26 12:00:00,2026-02-26 10:00:00,127.071556,206.17666666666665
CMG,2026-02-26 13:00:00,2026-02-26 10:00:00,133.34134,208.22
CMG,2026-02-26 14:00:00,2026-02-26 10:00:00,148.06134,161.05666666666667
CMG,2026-02-26 15:00:00,2026-02-26 10:00:00,137.22757,160.42
CMG,2026-02-26 16:00:00,2026-02-26 10:00:00,137.35133,163.01
CMG,2026-02-26 17:00:00,2026-02-26 10:00:00,139.92685,184.1833333333333
CMG,2026-02-26 18:00:00,2026-02-26 10:00:00,143.90497,175.48666666666668
CMG,2026-02-26 19:00:00,2026-02-26 10:00:00,146.24142,184.42333333333332
CMG,2026-02-26 20:00:00,2026-02-26 10:00:00,140.53346,205.42333333333332
CMG,2026-02-26 21:00:00,2026-02-26 10:00:00,138.35724,217.33
CMG,2026-02-26 22:00:00,2026-02-26 10:00:00,125.54576,177.72666666666666
CMG,2026-02-26 23:00:00,2026-02-26 10:00:00,139.23344,208.12333333333333
CMG,2026-02-27 00:00:00,2026-02-26 10:00:00,145.01984,198.4466666666667
CMG,2026-02-27 01:00:00,2026-02-26 10:00:00,134.97899,191.01999999999998
CMG,2026-02-27 02:00:00,2026-02-26 10:00:00,130.48923,190.97333333333333
CMG,2026-02-27 03:00:00,2026-02-26 10:00:00,125.465004,121.89
CMG,2026-02-27 04:00:00,2026-02-26 10:00:00,126.110825,120.56333333333333
CMG,2026-02-27 05:00:00,2026-02-26 10:00:00,125.54942,137.83333333333334
CMG,2026-02-27 06:00:00,2026-02-26 10:00:00,112.28592,137.4466666666667
CMG,2026-02-27 07:00:00,2026-02-26 10:00:00,117.52969,81.28666666666668
CMG,2026-02-27 08:00:00,2026-02-26 10:00:00,119.25185,60.02333333333333
CMG,2026-02-27 09:00:00,2026-02-26 10:00:00,115.48917,88.82666666666667
CMG,2026-02-27 10:00:00,2026-02-26 10:00:00,102.832565,114.82
CMG,2026-02-27 11:00:00,2026-02-27 10:00:00,111.87969,49.083333333333336
CMG,2026-02-27 12:00:00,2026-02-27 10:00:00,109.70958,0.0
CMG,2026-02-27 13:00:00,2026-02-27 10:00:00,114.91131,0.0
CMG,2026-02-27 14:00:00,2026-02-27 10:00:00,123.26574,0.0
CMG,2026-02-27 15:00:00,2026-02-27 10:00:00,112.1973,0.0
CMG,2026-02-27 16:00:00,2026-02-27 10:00:00,108.959175,47.26333333333333
CMG,2026-02-27 17:00:00,2026-02-27 10:00:00,106.896164,47.419999999999995
CMG,2026-02-27 18:00:00,2026-02-27 10:00:00,117.05425,0.0
CMG,2026-02-27 19:00:00,2026-02-27 10:00:00,114.822044,23.30666666666667
CMG,2026-02-27 20:00:00,2026-02-27 10:00:00,113.49211,119.62
CMG,2026-02-27 21:00:00,2026-02-27 10:00:00,116.079025,117.75666666666666
CMG,2026-02-27 22:00:00,2026-02-27 10:00:00,105.12342,25.886666666666667
CMG,2026-02-27 23:00:00,2026-02-27 10:00:00,117.73831,68.44333333333333
CMG,2026-02-28 00:00:00,2026-02-27 10:00:00,122.3828,73.02
CMG,2026-02-28 01:00:00,2026-02-27 10:00:00,118.442535,117.05333333333334
CMG,2026-02-28 02:00:00,2026-02-27 10:00:00,101.78297,74.16666666666667
CMG,2026-02-28 03:00:00,2026-02-27 10:00:00,84.36841,98.80666666666667
CMG,2026-02-28 04:00:00,2026-02-27 10:00:00,82.68619,95.39333333333333
CMG,2026-02-28 05:00:00,2026-02-27 10:00:00,75.70602,93.64999999999999
CMG,2026-02-28 06:00:00,2026-02-27 10:00:00,56.0415,67.58333333333333
CMG,2026-02-28 07:00:00,2026-02-27 10:00:00,39.139008,70.07666666666667
CMG,2026-02-28 08:00:00,2026-02-27 10:00:00,41.047935,45.300000000000004
CMG,2026-02-28 09:00:00,2026-02-27 10:00:00,55.96549,44.656666666666666
CMG,2026-02-28 10:00:00,2026-02-27 10:00:00,48.896053,46.93666666666667
CMG,2026-02-28 11:00:00,2026-02-28 10:00:00,42.148872,26.643333333333334
CMG,2026-02-28 12:00:00,2026-02-28 10:00:00,29.829636,0.0
CMG,2026-02-28 13:00:00,2026-02-28 10:00:00,34.30912,0.0
CMG,2026-02-28 14:00:00,2026-02-28 10:00:00,25.732483,0.0
CMG,2026-02-28 15:00:00,2026-02-28 10:00:00,20.918915,0.0
CMG,2026-02-28 16:00:00,2026-02-28 10:00:00,28.789932,0.0
CMG,2026-02-28 17:00:00,2026-02-28 10:00:00,29.213379,0.0
CMG,2026-02-28 18:00:00,2026-02-28 10:00:00,14.173058,17.666666666666668
CMG,2026-02-28 19:00:00,2026-02-28 10:00:00,44.83559,23.5
CMG,2026-02-28 20:00:00,2026-02-28 10:00:00,65.03052,24.95
CMG,2026-02-28 21:00:00,2026-02-28 10:00:00,71.13779,23.743333333333336
CMG,2026-02-28 22:00:00,2026-02-28 10:00:00,36.90877,69.63333333333333
CMG,2026-02-28 23:00:00,2026-02-28 10:00:00,65.16341,69.29666666666667
CMG,2026-03-01 00:00:00,2026-02-28 10:00:00,73.473816,67.27333333333333
CMG,2026-03-01 01:00:00,2026-02-28 10:00:00,85.90514,65.79666666666667
CMG,2026-03-01 02:00:00,2026-02-28 10:00:00,79.02949,60.620000000000005
CMG,2026-03-01 03:00:00,2026-02-28 10:00:00,69.48428,54.98333333333333
CMG,2026-03-01 04:00:00,2026-02-28 10:00:00,61.65801,50.093333333333334
CMG,2026-03-01 05:00:00,2026-02-28 10:00:00,78.11301,51.586666666666666
CMG,2026-03-01 06:00:00,2026-02-28 10:00:00,74.909424,51.949999999999996
CMG,2026-03-01 07:00:00,2026-02-28 10:00:00,59.01016,50.23
CMG,2026-03-01 08:00:00,2026-02-28 10:00:00,44.743458,28.416666666666668
CMG,2026-03-01 09:00:00,2026-02-28 10:00:00,67.43779,23.99
CMG,2026-03-01 10:00:00,2026-02-28 10:00:00,70.87044,25.340000000000003
CMG,2026-03-01 11:00:00,2026-03-01 10:00:00,20.362411,12.62
CMG,2026-03-01 12:00:00,2026-03-01 10:00:00,12.308746,0.0
CMG,2026-03-01 13:00:00,2026-03-01 10:00:00,25.85051,0.0
CMG,2026-03-01 14:00:00,2026-03-01 10:00:00,31.761711,0.0
CMG,2026-03-01 15:00:00,2026-03-01 10:00:00,25.800095,0.0
CMG,2026-03-01 16:00:00,2026-03-01 10:00:00,34.72601,0.0
CMG,2026-03-01 17:00:00,2026-03-01 10:00:00,40.300697,0.0
CMG,2026-03-01 18:00:00,2026-03-01 10:00:00,36.460403,0.0
CMG,2026-03-01 19:00:00,2026-03-01 10:00:00,47.541332,20.176666666666666
CMG,2026-03-01 20:00:00,2026-03-01 10:00:00,70.11961,17.183333333333334
CMG,2026-03-01 21:00:00,2026-03-01 10:00:00,69.03982,19.82
CMG,2026-03-01 22:00:00,2026-03-01 10:00:00,57.15169,16.786666666666665
CMG,2026-03-01 23:00:00,2026-03-01 10:00:00,74.0789,55.47
CMG,2026-03-02 00:00:00,2026-03-01 10:00:00,83.61766,51.656666666666666
CMG,2026-03-02 01:00:00,2026-03-01 10:00:00,81.10053,58.336666666666666
CMG,2026-03-02 02:00:00,2026-03-01 10:00:00,80.473434,54.31
CMG,2026-03-02 03:00:00,2026-03-01 10:00:00,76.094315,53.53333333333333
CMG,2026-03-02 04:00:00,2026-03-01 10:00:00,72.55862,58.78666666666667
CMG,2026-03-02 05:00:00,2026-03-01 10:00:00,75.5316,58.45333333333334
CMG,2026-03-02 06:00:00,2026-03-01 10:00:00,65.98396,57.76
CMG,2026-03-02 07:00:00,2026-03-01 10:00:00,61.43049,57.76666666666667
CMG,2026-03-02 08:00:00,2026-03-01 10:00:00,48.79462,53.083333333333336
CMG,2026-03-02 09:00:00,2026-03-01 10:00:00,63.317215,65.89
CMG,2026-03-02 10:00:00,2026-03-01 10:00:00,67.16685,71.04333333333334
CMG,2026-03-02 11:00:00,2026-03-02 10:00:00,64.52037,73.78333333333335
CMG,2026-03-02 12:00:00,2026-03-02 10:00:00,53.15481,51.60666666666666
CMG,2026-03-02 13:00:00,2026-03-02 10:00:00,63.791237,51.223333333333336
CMG,2026-03-02 14:00:00,2026-03-02 10:00:00,56.698334,70.34666666666668
CMG,2026-03-02 15:00:00,2026-03-02 10:00:00,43.574158,73.55
CMG,2026-03-02 16:00:00,2026-03-02 10:00:00,36.882957,53.35
CMG,2026-03-02 17:00:00,2026-03-02 10:00:00,37.732742,41.053333333333335
CMG,2026-03-02 18:00:00,2026-03-02 10:00:00,24.394867,48.406666666666666
CMG,2026-03-02 19:00:00,2026-03-02 10:00:00,34.514565,69.52
CMG,2026-03-02 20:00:00,2026-03-02 10:00:00,45.89435,68.54
CMG,2026-03-02 21:00:00,2026-03-02 10:00:00,49.906406,47.54333333333333
CMG,2026-03-02 22:00:00,2026-03-02 10:00:00,47.718746,20.096666666666668
CMG,2026-03-02 23:00:00,2026-03-02 10:00:00,76.67805,59.626666666666665
CMG,2026-03-03 00:00:00,2026-03-02 10:00:00,88.36347,57.74666666666667
CMG,2026-03-03 01:00:00,2026-03-02 10:00:00,85.1221,60.19333333333333
CMG,2026-03-03 02:00:00,2026-03-02 10:00:00,77.30644,63.333333333333336
CMG,2026-03-03 03:00:00,2026-03-02 10:00:00,75.19231,58.81
CMG,2026-03-03 04:00:00,2026-03-02 10:00:00,80.17298,57.56666666666667
CMG,2026-03-03 05:00:00,2026-03-02 10:00:00,72.43385,60.64333333333334
CMG,2026-03-03 06:00:00,2026-03-02 10:00:00,71.880844,67.12666666666667
CMG,2026-03-03 07:00:00,2026-03-02 10:00:00,69.139206,69.90333333333334
CMG,2026-03-03 08:00:00,2026-03-02 10:00:00,61.14566,44.99666666666667
CMG,2026-03-03 09:00:00,2026-03-02 10:00:00,78.650085,45.526666666666664
CMG,2026-03-03 10:00:00,2026-03-02 10:00:00,84.97374,42.91
CMG,2026-03-03 11:00:00,2026-03-03 10:00:00,41.884293,37.25333333333333
CMG,2026-03-03 12:00:00,2026-03-03 10:00:00,40.470333,0.0
CMG,2026-03-03 13:00:00,2026-03-03 10:00:00,53.45868,0.0
CMG,2026-03-03 14:00:00,2026-03-03 10:00:00,57.83271,0.0
CMG,2026-03-03 15:00:00,2026-03-03 10:00:00,66.83475,0.0
CMG,2026-03-03 16:00:00,2026-03-03 10:00:00,58.795273,0.0
CMG,2026-03-03 17:00:00,2026-03-03 10:00:00,63.31548,0.0
CMG,2026-03-03 18:00:00,2026-03-03 10:00:00,75.645004,0.0
CMG,2026-03-03 19:00:00,2026-03-03 10:00:00,81.36641,25.416666666666668
CMG,2026-03-03 20:00:00,2026-03-03 10:00:00,94.61769,26.483333333333334
CMG,2026-03-03 21:00:00,2026-03-03 10:00:00,82.273735,25.75
CMG,2026-03-03 22:00:00,2026-03-03 10:00:00,74.89813,20.033333333333335
CMG,2026-03-03 23:00:00,2026-03-03 10:00:00,99.87405,65.68333333333334
CMG,2026-03-04 00:00:00,2026-03-03 10:00:00,102.609375,71.45
CMG,2026-03-04 01:00:00,2026-03-03 10:00:00,99.92676,68.11666666666666
CMG,2026-03-04 02:00:00,2026-03-03 10:00:00,95.30172,56.06
CMG,2026-03-04 03:00:00,2026-03-03 10:00:00,102.47309,58.46666666666667
CMG,2026-03-04 04:00:00,2026-03-03 10:00:00,112.95765,57.580000000000005
CMG,2026-03-04 05:00:00,2026-03-03 10:00:00,108.193375,54.10333333333333
CMG,2026-03-04 06:00:00,2026-03-03 10:00:00,91.51371,56.096666666666664
CMG,2026-03-04 07:00:00,2026-03-03 10:00:00,101.81972,57.14000000000001
CMG,2026-03-04 08:00:00,2026-03-03 10:00:00,99.55723,35.656666666666666
CMG,2026-03-04 09:00:00,2026-03-03 10:00:00,97.454414,40.78333333333333
CMG,2026-03-04 10:00:00,2026-03-03 10:00:00,92.248344,64.00666666666667
CMG,2026-03-04 11:00:00,2026-03-04 10:00:00,63.72296,62.346666666666664
CMG,2026-03-04 12:00:00,2026-03-04 10:00:00,62.39332,20.746666666666666
CMG,2026-03-04 13:00:00,2026-03-04 10:00:00,58.209534,55.77
CMG,2026-03-04 14:00:00,2026-03-04 10:00:00,54.505188,60.833333333333336
CMG,2026-03-04 15:00:00,2026-03-04 10:00:00,63.506462,60.10333333333333
CMG,2026-03-04 16:00:00,2026-03-04 10:00:00,57.28652,53.419999999999995
CMG,2026-03-04 17:00:00,2026-03-04 10:00:00,70.516495,53.60666666666666
CMG,2026-03-04 18:00:00,2026-03-04 10:00:00,75.36741,39.156666666666666
CMG,2026-03-04 19:00:00,2026-03-04 10:00:00,86.57796,62.77
CMG,2026-03-04 20:00:00,2026-03-04 10:00:00,89.142685,46.28666666666667
CMG,2026-03-04 21:00:00,2026-03-04 10:00:00,88.20335,40.15
CMG,2026-03-04 22:00:00,2026-03-04 10:00:00,85.97858,15.693333333333333
CMG,2026-03-04 23:00:00,2026-03-04 10:00:00,99.70771,55.35333333333333
CMG,2026-03-05 00:00:00,2026-03-04 10:00:00,102.55653,36.25
CMG,2026-03-05 01:00:00,2026-03-04 10:00:00,109.899124,35.25
CMG,2026-03-05 02:00:00,2026-03-04 10:00:00,105.8074,24.103333333333335
CMG,2026-03-05 03:00:00,2026-03-04 10:00:00,94.578186,0.0
CMG,2026-03-05 04:00:00,2026-03-04 10:00:00,94.366714,0.0
CMG,2026-03-05 05:00:00,2026-03-04 10:00:00,94.684586,0.0
CMG,2026-03-05 06:00:00,2026-03-04 10:00:00,86.94177,0.0
CMG,2026-03-05 07:00:00,2026-03-04 10:00:00,75.172585,20.023333333333333
CMG,2026-03-05 08:00:00,2026-03-04 10:00:00,74.4052,0.0
CMG,2026-03-05 09:00:00,2026-03-04 10:00:00,83.05124,20.563333333333333
CMG,2026-03-05 10:00:00,2026-03-04 10:00:00,82.57926,27.756666666666664
CMG,2026-03-05 11:00:00,2026-03-05 10:00:00,27.613667,60.39000000000001
CMG,2026-03-05 12:00:00,2026-03-05 10:00:00,19.279007,50.24666666666667
CMG,2026-03-05 13:00:00,2026-03-05 10:00:00,26.003242,61.18333333333334
CMG,2026-03-05 14:00:00,2026-03-05 10:00:00,31.442112,60.46
CMG,2026-03-05 15:00:00,2026-03-05 10:00:00,39.208717,61.096666666666664
CMG,2026-03-05 16:00:00,2026-03-05 10:00:00,45.57584,61.49
CMG,2026-03-05 17:00:00,2026-03-05 10:00:00,41.1258,62.20333333333334
CMG,2026-03-05 18:00:00,2026-03-05 10:00:00,37.29091,41.43666666666667
CMG,2026-03-05 19:00:00,2026-03-05 10:00:00,59.335846,65.40333333333334
CMG,2026-03-05 20:00:00,2026-03-05 10:00:00,70.00142,64.67333333333333
CMG,2026-03-05 21:00:00,2026-03-05 10:00:00,67.465706,24.143333333333334
CMG,2026-03-05 22:00:00,2026-03-05 10:00:00,52.806034,33.13
CMG,2026-03-05 23:00:00,2026-03-05 10:00:00,77.63621,68.84
CMG,2026-03-06 00:00:00,2026-03-05 10:00:00,80.87032,68.52333333333333
CMG,2026-03-06 01:00:00,2026-03-05 10:00:00,80.72804,66.19
CMG,2026-03-06 02:00:00,2026-03-05 10:00:00,62.14209,69.09
CMG,2026-03-06 03:00:00,2026-03-05 10:00:00,51.446976,61.97666666666667
CMG,2026-03-06 04:00:00,2026-03-05 10:00:00,50.295616,61.276666666666664
CMG,2026-03-06 05:00:00,2026-03-05 10:00:00,59.166077,61.96333333333334
CMG,2026-03-06 06:00:00,2026-03-05 10:00:00,52.378613,65.74333333333333
CMG,2026-03-06 07:00:00,2026-03-05 10:00:00,44.28261,61.44333333333333
CMG,2026-03-06 08:00:00,2026-03-05 10:00:00,35.56456,58.126666666666665
CMG,2026-03-06 09:00:00,2026-03-05 10:00:00,53.97787,64.26
CMG,2026-03-06 10:00:00,2026-03-05 10:00:00,61.827805,66.03666666666668
CMG,2026-03-06 11:00:00,2026-03-06 10:00:00,64.446884,76.58666666666667
CMG,2026-03-06 12:00:00,2026-03-06 10:00:00,48.59661,60.65
CMG,2026-03-06 13:00:00,2026-03-06 10:00:00,44.604523,58.669999999999995
CMG,2026-03-06 14:00:00,2026-03-06 10:00:00,47.645687,60.00666666666667
CMG,2026-03-06 15:00:00,2026-03-06 10:00:00,47.93026,59.51333333333333
CMG,2026-03-06 16:00:00,2026-03-06 10:00:00,52.78331,59.586666666666666
CMG,2026-03-06 17:00:00,2026-03-06 10:00:00,48.987843,59.620000000000005
CMG,2026-03-06 18:00:00,2026-03-06 10:00:00,43.55619,58.81666666666666
CMG,2026-03-06 19:00:00,2026-03-06 10:00:00,50.030987,65.36
CMG,2026-03-06 20:00:00,2026-03-06 10:00:00,58.96089,69.99333333333334
CMG,2026-03-06 21:00:00,2026-03-06 10:00:00,46.29146,65.71666666666667
CMG,2026-03-06 22:00:00,2026-03-06 10:00:00,39.205967,65.47333333333334
CMG,2026-03-06 23:00:00,2026-03-06 10:00:00,64.05919,73.13666666666667
CMG,2026-03-07 00:00:00,2026-03-06 10:00:00,62.539894,71.85333333333334
CMG,2026-03-07 01:00:00,2026-03-06 10:00:00,61.304676,71.28666666666668
CMG,2026-03-07 02:00:00,2026-03-06 10:00:00,60.382317,64.17333333333333
CMG,2026-03-07 03:00:00,2026-03-06 10:00:00,51.0674,60.44
CMG,2026-03-07 04:00:00,2026-03-06 10:00:00,56.416557,60.23333333333333
CMG,2026-03-07 05:00:00,2026-03-06 10:00:00,54.49879,56.07333333333333
CMG,2026-03-07 06:00:00,2026-03-06 10:00:00,55.426308,58.876666666666665
CMG,2026-03-07 07:00:00,2026-03-06 10:00:00,50.135643,58.63333333333333
CMG,2026-03-07 08:00:00,2026-03-06 10:00:00,40.645916,40.40333333333333
CMG,2026-03-07 09:00:00,2026-03-06 10:00:00,41.197018,57.22
CMG,2026-03-07 10:00:00,2026-03-06 10:00:00,43.828297,57.77
CMG,2026-03-07 11:00:00,2026-03-07 10:00:00,56.842224,42.843333333333334
CMG,2026-03-07 12:00:00,2026-03-07 10:00:00,43.522316,21.796666666666667
CMG,2026-03-07 13:00:00,2026-03-07 10:00:00,44.16797,55.98333333333333
CMG,2026-03-07 14:00:00,2026-03-07 10:00:00,43.76466,54.879999999999995
CMG,2026-03-07 15:00:00,2026-03-07 10:00:00,42.8195,54.27333333333333
CMG,2026-03-07 16:00:00,2026-03-07 10:00:00,38.579483,53.60666666666666
CMG,2026-03-07 17:00:00,2026-03-07 10:00:00,40.315826,54.47666666666667
CMG,2026-03-07 18:00:00,2026-03-07 10:00:00,43.176468,54.03
CMG,2026-03-07 19:00:00,2026-03-07 10:00:00,50.948742,58.66333333333333
CMG,2026-03-07 20:00:00,2026-03-07 10:00:00,50.492645,57.94
CMG,2026-03-07 21:00:00,2026-03-07 10:00:00,48.842377,56.23333333333333
CMG,2026-03-07 22:00:00,2026-03-07 10:00:00,51.1367,57.583333333333336
CMG,2026-03-07 23:00:00,2026-03-07 10:00:00,69.570496,62.75
CMG,2026-03-08 00:00:00,2026-03-07 10:00:00,68.45453,60.43666666666667
CMG,2026-03-08 01:00:00,2026-03-07 10:00:00,70.96069,53.86333333333334
CMG,2026-03-08 02:00:00,2026-03-07 10:00:00,63.70968,56.61333333333334
CMG,2026-03-08 03:00:00,2026-03-07 10:00:00,60.439156,55.88666666666666
CMG,2026-03-08 04:00:00,2026-03-07 10:00:00,61.07625,55.873333333333335
CMG,2026-03-08 05:00:00,2026-03-07 10:00:00,54.962387,50.376666666666665
CMG,2026-03-08 06:00:00,2026-03-07 10:00:00,53.521072,50.550000000000004
CMG,2026-03-08 07:00:00,2026-03-07 10:00:00,55.26821,44.803333333333335
CMG,2026-03-08 08:00:00,2026-03-07 10:00:00,42.931,31.070000000000004
CMG,2026-03-08 09:00:00,2026-03-07 10:00:00,48.10176,34.28666666666667
CMG,2026-03-08 10:00:00,2026-03-07 10:00:00,49.792816,32.97666666666667
CMG,2026-03-08 11:00:00,2026-03-08 10:00:00,33.18315,25.5
CMG,2026-03-08 12:00:00,2026-03-08 10:00:00,26.491482,0.0
CMG,2026-03-08 13:00:00,2026-03-08 10:00:00,32.568222,0.0
CMG,2026-03-08 14:00:00,2026-03-08 10:00:00,32.30901,0.0
CMG,2026-03-08 15:00:00,2026-03-08 10:00:00,34.69445,0.0
CMG,2026-03-08 16:00:00,2026-03-08 10:00:00,32.058815,0.0
CMG,2026-03-08 17:00:00,2026-03-08 10:00:00,32.69818,0.0
CMG,2026-03-08 18:00:00,2026-03-08 10:00:00,34.850914,0.0
CMG,2026-03-08 19:00:00,2026-03-08 10:00:00,48.66747,19.849999999999998
CMG,2026-03-08 20:00:00,2026-03-08 10:00:00,43.36364,20.87333333333333
CMG,2026-03-08 21:00:00,2026-03-08 10:00:00,39.852707,18.233333333333334
CMG,2026-03-08 22:00:00,2026-03-08 10:00:00,34.83235,18.62333333333333
CMG,2026-03-08 23:00:00,2026-03-08 10:00:00,54.352184,48.71333333333333
CMG,2026-03-09 00:00:00,2026-03-08 10:00:00,53.47695,55.82333333333333
CMG,2026-03-09 01:00:00,2026-03-08 10:00:00,52.690052,51.800000000000004
CMG,2026-03-09 02:00:00,2026-03-08 10:00:00,48.79787,52.086666666666666
CMG,2026-03-09 03:00:00,2026-03-08 10:00:00,41.891403,42.18666666666667
CMG,2026-03-09 04:00:00,2026-03-08 10:00:00,44.506935,47.41
CMG,2026-03-09 05:00:00,2026-03-08 10:00:00,42.707005,49.49666666666667
CMG,2026-03-09 06:00:00,2026-03-08 10:00:00,38.184402,49.23333333333333
CMG,2026-03-09 07:00:00,2026-03-08 10:00:00,40.17284,47.32
CMG,2026-03-09 08:00:00,2026-03-08 10:00:00,28.255274,31.46666666666667
CMG,2026-03-09 09:00:00,2026-03-08 10:00:00,37.278526,32.50333333333333
CMG,2026-03-09 10:00:00,2026-03-08 10:00:00,37.759243,34.29333333333333
CMG,2026-03-09 11:00:00,2026-03-09 10:00:00,32.980476,54.583333333333336
CMG,2026-03-09 12:00:00,2026-03-09 10:00:00,19.766924,19.926666666666666
CMG,2026-03-09 13:00:00,2026-03-09 10:00:00,27.712051,20.353333333333335
CMG,2026-03-09 14:00:00,2026-03-09 10:00:00,28.300587,77.41
CMG,2026-03-09 15:00:00,2026-03-09 10:00:00,24.327627,58.82
CMG,2026-03-09 16:00:00,2026-03-09 10:00:00,23.67729,57.92666666666667
CMG,2026-03-09 17:00:00,2026-03-09 10:00:00,19.49827,59.67666666666667
CMG,2026-03-09 18:00:00,2026-03-09 10:00:00,19.952677,175.08
CMG,2026-03-09 19:00:00,2026-03-09 10:00:00,35.2237,58.34666666666667
CMG,2026-03-09 20:00:00,2026-03-09 10:00:00,34.53547,69.50666666666666
CMG,2026-03-09 21:00:00,2026-03-09 10:00:00,30.781975,77.12333333333333
CMG,2026-03-09 22:00:00,2026-03-09 10:00:00,27.942598,64.82666666666667
CMG,2026-03-09 23:00:00,2026-03-09 10:00:00,52.4574,72.44333333333333
CMG,2026-03-10 00:00:00,2026-03-09 10:00:00,53.22458,174.91333333333333
CMG,2026-03-10 01:00:00,2026-03-09 10:00:00,53.91764,89.31666666666666
CMG,2026-03-10 02:00:00,2026-03-09 10:00:00,55.978172,59.43
CMG,2026-03-10 03:00:00,2026-03-09 10:00:00,49.561897,52.78333333333333
CMG,2026-03-10 04:00:00,2026-03-09 10:00:00,49.52247,52.66
CMG,2026-03-10 05:00:00,2026-03-09 10:00:00,53.032654,60.60666666666666
CMG,2026-03-10 06:00:00,2026-03-09 10:00:00,49.056843,67.00666666666666
CMG,2026-03-10 07:00:00,2026-03-09 10:00:00,50.491264,66.46333333333332
CMG,2026-03-10 08:00:00,2026-03-09 10:00:00,36.128548,122.0
CMG,2026-03-10 09:00:00,2026-03-09 10:00:00,45.33139,122.33999999999999
CMG,2026-03-10 10:00:00,2026-03-09 10:00:00,45.728867,132.40333333333334
CMG,2026-03-10 11:00:00,2026-03-10 10:00:00,128.11542,131.57666666666668
CMG,2026-03-10 12:00:00,2026-03-10 10:00:00,100.28707,234.54333333333332
CMG,2026-03-10 13:00:00,2026-03-10 10:00:00,89.39433,229.51
CMG,2026-03-10 14:00:00,2026-03-10 10:00:00,92.01332,232.06000000000003
CMG,2026-03-10 15:00:00,2026-03-10 10:00:00,84.01532,230.89666666666668
CMG,2026-03-10 16:00:00,2026-03-10 10:00:00,75.69397,229.51
CMG,2026-03-10 17:00:00,2026-03-10 10:00:00,70.58769,223.54666666666665
CMG,2026-03-10 18:00:00,2026-03-10 10:00:00,83.17445,227.27666666666664
CMG,2026-03-10 19:00:00,2026-03-10 10:00:00,69.547264,209.89
CMG,2026-03-10 20:00:00,2026-03-10 10:00:00,62.073486,172.91333333333333
CMG,2026-03-10 21:00:00,2026-03-10 10:00:00,66.47882,171.61
CMG,2026-03-10 22:00:00,2026-03-10 10:00:00,65.65399,176.94333333333336
CMG,2026-03-10 23:00:00,2026-03-10 10:00:00,80.52048,70.45666666666666
CMG,2026-03-11 00:00:00,2026-03-10 10:00:00,100.900276,62.39333333333334
CMG,2026-03-11 01:00:00,2026-03-10 10:00:00,76.20305,61.18
CMG,2026-03-11 02:00:00,2026-03-10 10:00:00,57.602814,64.83
CMG,2026-03-11 03:00:00,2026-03-10 10:00:00,61.071697,60.580000000000005
CMG,2026-03-11 04:00:00,2026-03-10 10:00:00,62.582222,60.56333333333333
CMG,2026-03-11 05:00:00,2026-03-10 10:00:00,57.499004,58.44
CMG,2026-03-11 06:00:00,2026-03-10 10:00:00,60.108345,57.403333333333336
CMG,2026-03-11 07:00:00,2026-03-10 10:00:00,62.417168,61.88666666666666
CMG,2026-03-11 08:00:00,2026-03-10 10:00:00,64.597565,39.81666666666667
CMG,2026-03-11 09:00:00,2026-03-10 10:00:00,74.49413,38.56333333333333
CMG,2026-03-11 10:00:00,2026-03-10 10:00:00,79.902214,40.943333333333335
CMG,2026-03-11 11:00:00,2026-03-11 10:00:00,45.741825,45.47333333333333
CMG,2026-03-11 12:00:00,2026-03-11 10:00:00,58.1818,17.886666666666667
CMG,2026-03-11 13:00:00,2026-03-11 10:00:00,78.192566,18.45
CMG,2026-03-11 14:00:00,2026-03-11 10:00:00,102.76525,76.51333333333334
CMG,2026-03-11 15:00:00,2026-03-11 10:00:00,115.138695,111.17666666666668
CMG,2026-03-11 16:00:00,2026-03-11 10:00:00,114.608154,111.22333333333331
CMG,2026-03-11 17:00:00,2026-03-11 10:00:00,121.3164,52.973333333333336
CMG,2026-03-11 18:00:00,2026-03-11 10:00:00,137.87207,169.57
CMG,2026-03-11 19:00:00,2026-03-11 10:00:00,127.77301,227.60333333333332
CMG,2026-03-11 20:00:00,2026-03-11 10:00:00,101.531296,226.8133333333333
CMG,2026-03-11 21:00:00,2026-03-11 10:00:00,96.61104,116.08333333333333
CMG,2026-03-11 22:00:00,2026-03-11 10:00:00,88.18464,119.16333333333334
CMG,2026-03-11 23:00:00,2026-03-11 10:00:00,78.671364,170.22666666666666
CMG,2026-03-12 00:00:00,2026-03-11 10:00:00,76.18084,174.5
CMG,2026-03-12 01:00:00,2026-03-11 10:00:00,64.42001,171.38
CMG,2026-03-12 02:00:00,2026-03-11 10:00:00,49.436428,65.20666666666666
CMG,2026-03-12 03:00:00,2026-03-11 10:00:00,49.884888,62.56999999999999
CMG,2026-03-12 04:00:00,2026-03-11 10:00:00,50.79777,61.79666666666666
CMG,2026-03-12 05:00:00,2026-03-11 10:00:00,49.418755,62.13999999999999
CMG,2026-03-12 06:00:00,2026-03-11 10:00:00,36.900764,63.26333333333333
CMG,2026-03-12 07:00:00,2026-03-11 10:00:00,45.6687,65.31
CMG,2026-03-12 08:00:00,2026-03-11 10:00:00,44.249565,121.23333333333335
CMG,2026-03-12 09:00:00,2026-03-11 10:00:00,40.62818,119.57
CMG,2026-03-12 10:00:00,2026-03-11 10:00:00,39.388134,75.57333333333334
CMG,2026-03-12 11:00:00,2026-03-12 10:00:00,74.63274,70.82333333333334
CMG,2026-03-12 12:00:00,2026-03-12 10:00:00,75.3804,170.14666666666668
CMG,2026-03-12 13:00:00,2026-03-12 10:00:00,82.73204,165.47
CMG,2026-03-12 14:00:00,2026-03-12 10:00:00,82.77982,107.27666666666666
CMG,2026-03-12 15:00:00,2026-03-12 10:00:00,89.33206,103.58333333333333
CMG,2026-03-12 16:00:00,2026-03-12 10:00:00,97.06534,101.18
CMG,2026-03-12 17:00:00,2026-03-12 10:00:00,87.23105,49.5
CMG,2026-03-12 18:00:00,2026-03-12 10:00:00,105.20854,148.13
CMG,2026-03-12 19:00:00,2026-03-12 10:00:00,114.55264,156.86666666666667
CMG,2026-03-12 20:00:00,2026-03-12 10:00:00,110.30089,148.87
CMG,2026-03-12 21:00:00,2026-03-12 10:00:00,88.0816,56.78333333333333
CMG,2026-03-12 22:00:00,2026-03-12 10:00:00,90.974594,60.45000000000001
CMG,2026-03-12 23:00:00,2026-03-12 10:00:00,104.2743,59.32666666666666
CMG,2026-03-13 00:00:00,2026-03-12 10:00:00,103.49532,59.57666666666666
CMG,2026-03-13 01:00:00,2026-03-12 10:00:00,98.193855,58.0
CMG,2026-03-13 02:00:00,2026-03-12 10:00:00,65.94659,51.9
CMG,2026-03-13 03:00:00,2026-03-12 10:00:00,45.682228,56.10333333333333
CMG,2026-03-13 04:00:00,2026-03-12 10:00:00,48.329224,55.77333333333333
CMG,2026-03-13 05:00:00,2026-03-12 10:00:00,58.16101,54.18
CMG,2026-03-13 06:00:00,2026-03-12 10:00:00,52.905556,56.77333333333333
CMG,2026-03-13 07:00:00,2026-03-12 10:00:00,39.7246,55.97
CMG,2026-03-13 08:00:00,2026-03-12 10:00:00,48.078316,80.66666666666667
CMG,2026-03-13 09:00:00,2026-03-12 10:00:00,54.748024,114.43333333333334
CMG,2026-03-13 10:00:00,2026-03-12 10:00:00,42.647835,57.23
CMG,2026-03-13 11:00:00,2026-03-13 10:00:00,60.234,61.9
CMG,2026-03-13 12:00:00,2026-03-13 10:00:00,71.83482,171.61333333333334
CMG,2026-03-13 13:00:00,2026-03-13 10:00:00,74.245705,218.90666666666667
CMG,2026-03-13 14:00:00,2026-03-13 10:00:00,85.516556,109.54666666666667
CMG,2026-03-13 15:00:00,2026-03-13 10:00:00,88.00237,53.36666666666667
CMG,2026-03-13 16:00:00,2026-03-13 10:00:00,83.44712,110.73666666666666
CMG,2026-03-13 17:00:00,2026-03-13 10:00:00,75.491554,218.9433333333333
CMG,2026-03-13 18:00:00,2026-03-13 10:00:00,131.04808,174.98333333333335
CMG,2026-03-13 19:00:00,2026-03-13 10:00:00,122.56615,203.45000000000002
CMG,2026-03-13 20:00:00,2026-03-13 10:00:00,105.136765,221.99666666666667
CMG,2026-03-13 21:00:00,2026-03-13 10:00:00,73.80379,219.20666666666668
CMG,2026-03-13 22:00:00,2026-03-13 10:00:00,75.695816,165.85666666666665
CMG,2026-03-13 23:00:00,2026-03-13 10:00:00,89.156624,170.23999999999998
CMG,2026-03-14 00:00:00,2026-03-13 10:00:00,99.45768,175.92666666666665
CMG,2026-03-14 01:00:00,2026-03-13 10:00:00,78.35294,164.68666666666667
CMG,2026-03-14 02:00:00,2026-03-13 10:00:00,65.83088,56.85666666666666
CMG,2026-03-14 03:00:00,2026-03-13 10:00:00,58.98652,58.913333333333334
CMG,2026-03-14 04:00:00,2026-03-13 10:00:00,53.18387,58.330000000000005
CMG,2026-03-14 05:00:00,2026-03-13 10:00:00,61.481102,56.03333333333333
CMG,2026-03-14 06:00:00,2026-03-13 10:00:00,60.72951,55.24333333333333
CMG,2026-03-14 07:00:00,2026-03-13 10:00:00,53.780632,54.81999999999999
CMG,2026-03-14 08:00:00,2026-03-13 10:00:00,66.72686,51.46666666666667
CMG,2026-03-14 09:00:00,2026-03-13 10:00:00,75.03499,34.23
CMG,2026-03-14 10:00:00,2026-03-13 10:00:00,56.5555,32.91
CMG,2026-03-14 11:00:00,2026-03-14 10:00:00,37.164104,39.74333333333333
CMG,2026-03-14 12:00:00,2026-03-14 10:00:00,67.03784,35.63666666666666
CMG,2026-03-14 13:00:00,2026-03-14 10:00:00,72.38363,33.44
CMG,2026-03-14 14:00:00,2026-03-14 10:00:00,82.3078,0.0
CMG,2026-03-14 15:00:00,2026-03-14 10:00:00,82.558304,0.0
CMG,2026-03-14 16:00:00,2026-03-14 10:00:00,106.96907,9.143333333333333
CMG,2026-03-14 17:00:00,2026-03-14 10:00:00,116.418274,0.0
CMG,2026-03-14 18:00:00,2026-03-14 10:00:00,121.76594,18.096666666666668
CMG,2026-03-14 19:00:00,2026-03-14 10:00:00,132.19171,17.89
CMG,2026-03-14 20:00:00,2026-03-14 10:00:00,117.80829,20.41
CMG,2026-03-14 21:00:00,2026-03-14 10:00:00,108.95369,16.69
CMG,2026-03-14 22:00:00,2026-03-14 10:00:00,107.29443,52.18666666666667
CMG,2026-03-14 23:00:00,2026-03-14 10:00:00,107.65478,51.26666666666667
CMG,2026-03-15 00:00:00,2026-03-14 10:00:00,101.9864,37.86666666666667
CMG,2026-03-15 01:00:00,2026-03-14 10:00:00,70.69433,32.4
CMG,2026-03-15 02:00:00,2026-03-14 10:00:00,51.56359,34.49333333333333
CMG,2026-03-15 03:00:00,2026-03-14 10:00:00,45.738605,16.646666666666665
CMG,2026-03-15 04:00:00,2026-03-14 10:00:00,39.143463,36.44
CMG,2026-03-15 05:00:00,2026-03-14 10:00:00,36.87745,17.099999999999998
CMG,2026-03-15 06:00:00,2026-03-14 10:00:00,37.089973,18.44
CMG,2026-03-15 07:00:00,2026-03-14 10:00:00,23.840073,49.583333333333336
CMG,2026-03-15 08:00:00,2026-03-14 10:00:00,22.941208,31.830000000000002
CMG,2026-03-15 09:00:00,2026-03-14 10:00:00,28.522312,34.39
CMG,2026-03-15 10:00:00,2026-03-14 10:00:00,29.206871,36.36666666666667
CMG,2026-03-15 11:00:00,2026-03-15 10:00:00,32.711502,27.30666666666667
CMG,2026-03-15 12:00:00,2026-03-15 10:00:00,45.315617,0.0
CMG,2026-03-15 13:00:00,2026-03-15 10:00:00,51.23435,0.0
CMG,2026-03-15 14:00:00,2026-03-15 10:00:00,44.441666,0.0
CMG,2026-03-15 15:00:00,2026-03-15 10:00:00,28.179047,0.0
CMG,2026-03-15 16:00:00,2026-03-15 10:00:00,40.366642,0.0
CMG,2026-03-15 17:00:00,2026-03-15 10:00:00,43.57083,0.0
CMG,2026-03-15 18:00:00,2026-03-15 10:00:00,65.849014,0.0
CMG,2026-03-15 19:00:00,2026-03-15 10:00:00,67.27107,21.63
CMG,2026-03-15 20:00:00,2026-03-15 10:00:00,77.99955,22.040000000000003
CMG,2026-03-15 21:00:00,2026-03-15 10:00:00,55.108284,23.256666666666664
CMG,2026-03-15 22:00:00,2026-03-15 10:00:00,61.504974,47.98
CMG,2026-03-15 23:00:00,2026-03-15 10:00:00,62.050934,64.24333333333334
CMG,2026-03-16 00:00:00,2026-03-15 10:00:00,66.48306,64.98666666666666
CMG,2026-03-16 01:00:00,2026-03-15 10:00:00,51.982788,63.75666666666666
CMG,2026-03-16 02:00:00,2026-03-15 10:00:00,42.661026,56.78333333333333
CMG,2026-03-16 03:00:00,2026-03-15 10:00:00,41.119984,54.946666666666665
CMG,2026-03-16 04:00:00,2026-03-15 10:00:00,40.184593,54.473333333333336
CMG,2026-03-16 05:00:00,2026-03-15 10:00:00,24.938046,52.25666666666667
CMG,2026-03-16 06:00:00,2026-03-15 10:00:00,30.403446,49.92666666666667
CMG,2026-03-16 07:00:00,2026-03-15 10:00:00,41.61614,47.153333333333336
CMG,2026-03-16 08:00:00,2026-03-15 10:00:00,44.386196,31.046666666666667
CMG,2026-03-16 09:00:00,2026-03-15 10:00:00,46.920776,32.32666666666667
CMG,2026-03-16 10:00:00,2026-03-15 10:00:00,45.729942,32.00666666666667
CMG,2026-03-16 11:00:00,2026-03-16 10:00:00,28.463726,23.166666666666668
CMG,2026-03-16 12:00:00,2026-03-16 10:00:00,41.637325,3.973333333333333
CMG,2026-03-16 13:00:00,2026-03-16 10:00:00,48.647614,0.0
CMG,2026-03-16 14:00:00,2026-03-16 10:00:00,41.939114,0.0
CMG,2026-03-16 15:00:00,2026-03-16 10:00:00,30.205193,0.0
CMG,2026-03-16 16:00:00,2026-03-16 10:00:00,42.106953,0.0
CMG,2026-03-16 17:00:00,2026-03-16 10:00:00,63.09092,0.7400000000000001
CMG,2026-03-16 18:00:00,2026-03-16 10:00:00,74.81028,0.0
CMG,2026-03-16 19:00:00,2026-03-16 10:00:00,71.77101,24.076666666666668
CMG,2026-03-16 20:00:00,2026-03-16 10:00:00,79.37936,19.05
CMG,2026-03-16 21:00:00,2026-03-16 10:00:00,75.01267,57.080000000000005
CMG,2026-03-16 22:00:00,2026-03-16 10:00:00,73.9988,35.583333333333336
CMG,2026-03-16 23:00:00,2026-03-16 10:00:00,70.41225,59.870000000000005
CMG,2026-03-17 00:00:00,2026-03-16 10:00:00,75.54435,55.18000000000001
CMG,2026-03-17 01:00:00,2026-03-16 10:00:00,72.48796,58.07666666666666
CMG,2026-03-17 02:00:00,2026-03-16 10:00:00,72.843414,58.51333333333333
CMG,2026-03-17 03:00:00,2026-03-16 10:00:00,66.178696,54.27333333333333
CMG,2026-03-17 04:00:00,2026-03-16 10:00:00,53.32151,52.13666666666666
CMG,2026-03-17 05:00:00,2026-03-16 10:00:00,41.70628,55.49
CMG,2026-03-17 06:00:00,2026-03-16 10:00:00,59.964657,62.38666666666666
CMG,2026-03-17 07:00:00,2026-03-16 10:00:00,59.603966,60.82333333333333
CMG,2026-03-17 08:00:00,2026-03-16 10:00:00,60.19859,53.78333333333333
CMG,2026-03-17 09:00:00,2026-03-16 10:00:00,57.057064,54.47666666666667
CMG,2026-03-17 10:00:00,2026-03-16 10:00:00,76.805916,66.23333333333333
CMG,2026-03-17 11:00:00,2026-03-17 10:00:00,64.87453,66.05
CMG,2026-03-17 12:00:00,2026-03-17 10:00:00,72.57571,55.95333333333334
CMG,2026-03-17 13:00:00,2026-03-17 10:00:00,84.80645,59.89333333333334
CMG,2026-03-17 14:00:00,2026-03-17 10:00:00,81.38502,52.86333333333334
CMG,2026-03-17 15:00:00,2026-03-17 10:00:00,83.81632,47.91
CMG,2026-03-17 16:00:00,2026-03-17 10:00:00,77.86759,59.07333333333333
CMG,2026-03-17 17:00:00,2026-03-17 10:00:00,70.1827,54.24333333333334
CMG,2026-03-17 18:00:00,2026-03-17 10:00:00,91.42993,59.61666666666667
CMG,2026-03-17 19:00:00,2026-03-17 10:00:00,104.917694,63.39333333333334
CMG,2026-03-17 20:00:00,2026-03-17 10:00:00,112.28635,58.153333333333336
CMG,2026-03-17 21:00:00,2026-03-17 10:00:00,100.36,46.43333333333334
CMG,2026-03-17 22:00:00,2026-03-17 10:00:00,88.03636,64.82333333333332
CMG,2026-03-17 23:00:00,2026-03-17 10:00:00,85.38585,69.29333333333334
CMG,2026-03-18 00:00:00,2026-03-17 10:00:00,84.30443,63.949999999999996
CMG,2026-03-18 01:00:00,2026-03-17 10:00:00,85.8065,65.79333333333334
CMG,2026-03-18 02:00:00,2026-03-17 10:00:00,58.67794,59.89333333333334
CMG,2026-03-18 03:00:00,2026-03-17 10:00:00,73.85482,57.376666666666665
CMG,2026-03-18 04:00:00,2026-03-17 10:00:00,76.45721,56.916666666666664
CMG,2026-03-18 05:00:00,2026-03-17 10:00:00,64.62471,69.67
CMG,2026-03-18 06:00:00,2026-03-17 10:00:00,57.483273,74.22333333333334
CMG,2026-03-18 07:00:00,2026-03-17 10:00:00,65.7476,79.33
CMG,2026-03-18 08:00:00,2026-03-17 10:00:00,70.12144,64.36666666666666
CMG,2026-03-18 09:00:00,2026-03-17 10:00:00,75.42497,63.22666666666667
CMG,2026-03-18 10:00:00,2026-03-17 10:00:00,65.55791,67.99
CMG,2026-03-18 11:00:00,2026-03-18 10:00:00,65.35836,75.89666666666666
CMG,2026-03-18 12:00:00,2026-03-18 10:00:00,62.637257,42.75
CMG,2026-03-18 13:00:00,2026-03-18 10:00:00,61.499985,42.10333333333333
CMG,2026-03-18 14:00:00,2026-03-18 10:00:00,62.556843,42.65
CMG,2026-03-18 15:00:00,2026-03-18 10:00:00,63.5295,42.376666666666665
CMG,2026-03-18 16:00:00,2026-03-18 10:00:00,54.194458,46.01
CMG,2026-03-18 17:00:00,2026-03-18 10:00:00,41.49839,27.39
CMG,2026-03-18 18:00:00,2026-03-18 10:00:00,77.309906,42.166666666666664
CMG,2026-03-18 19:00:00,2026-03-18 10:00:00,93.297325,50.333333333333336
CMG,2026-03-18 20:00:00,2026-03-18 10:00:00,89.90106,51.63666666666666
CMG,2026-03-18 21:00:00,2026-03-18 10:00:00,68.49002,25.126666666666665
CMG,2026-03-18 22:00:00,2026-03-18 10:00:00,79.24914,55.120000000000005
CMG,2026-03-18 23:00:00,2026-03-18 10:00:00,79.692154,56.81666666666666
CMG,2026-03-19 00:00:00,2026-03-18 10:00:00,74.29901,59.97
CMG,2026-03-19 01:00:00,2026-03-18 10:00:00,79.11134,68.15333333333334
CMG,2026-03-19 02:00:00,2026-03-18 10:00:00,64.15975,56.083333333333336
CMG,2026-03-19 03:00:00,2026-03-18 10:00:00,58.904247,48.42333333333334
CMG,2026-03-19 04:00:00,2026-03-18 10:00:00,72.39038,44.32
CMG,2026-03-19 05:00:00,2026-03-18 10:00:00,62.309612,53.85333333333333
CMG,2026-03-19 06:00:00,2026-03-18 10:00:00,57.68171,54.546666666666674
CMG,2026-03-19 07:00:00,2026-03-18 10:00:00,65.558365,60.95333333333334
CMG,2026-03-19 08:00:00,2026-03-18 10:00:00,82.80773,54.51666666666667
CMG,2026-03-19 09:00:00,2026-03-18 10:00:00,88.30252,53.25
CMG,2026-03-19 10:00:00,2026-03-18 10:00:00,63.78814,61.96
CMG,2026-03-19 11:00:00,2026-03-19 10:00:00,61.87205,71.73333333333333
CMG,2026-03-19 12:00:00,2026-03-19 10:00:00,70.72137,68.08
CMG,2026-03-19 13:00:00,2026-03-19 10:00:00,79.203415,51.88333333333333
CMG,2026-03-19 14:00:00,2026-03-19 10:00:00,66.40969,49.123333333333335
CMG,2026-03-19 15:00:00,2026-03-19 10:00:00,57.55947,52.026666666666664
CMG,2026-03-19 16:00:00,2026-03-19 10:00:00,62.40292,48.36666666666667
CMG,2026-03-19 17:00:00,2026-03-19 10:00:00,62.940155,48.223333333333336
CMG,2026-03-19 18:00:00,2026-03-19 10:00:00,72.18565,59.74
CMG,2026-03-19 19:00:00,2026-03-19 10:00:00,76.20531,70.21
CMG,2026-03-19 20:00:00,2026-03-19 10:00:00,82.44313,94.10333333333334
CMG,2026-03-19 21:00:00,2026-03-19 10:00:00,74.662506,56.95000000000001
CMG,2026-03-19 22:00:00,2026-03-19 10:00:00,72.26937,80.45666666666666
CMG,2026-03-19 23:00:00,2026-03-19 10:00:00,72.38674,95.48
CMG,2026-03-20 00:00:00,2026-03-19 10:00:00,68.87195,146.02
CMG,2026-03-20 01:00:00,2026-03-19 10:00:00,76.26378,94.64333333333333
CMG,2026-03-20 02:00:00,2026-03-19 10:00:00,64.00515,76.27666666666666
CMG,2026-03-20 03:00:00,2026-03-19 10:00:00,60.487385,63.80666666666667
CMG,2026-03-20 04:00:00,2026-03-19 10:00:00,63.104233,67.82333333333334
CMG,2026-03-20 05:00:00,2026-03-19 10:00:00,63.198246,70.44666666666667
CMG,2026-03-20 06:00:00,2026-03-19 10:00:00,62.786877,70.44666666666667
CMG,2026-03-20 07:00:00,2026-03-19 10:00:00,57.29852,84.14
CMG,2026-03-20 08:00:00,2026-03-19 10:00:00,58.507687,85.47666666666667
CMG,2026-03-20 09:00:00,2026-03-19 10:00:00,62.52757,65.87
CMG,2026-03-20 10:00:00,2026-03-19 10:00:00,55.09961,67.87666666666667
CMG,2026-03-20 11:00:00,2026-03-20 10:00:00,66.7982,74.60333333333334
CMG,2026-03-20 12:00:00,2026-03-20 10:00:00,66.24603,73.87666666666667
CMG,2026-03-20 13:00:00,2026-03-20 10:00:00,61.677647,82.84666666666668
CMG,2026-03-20 14:00:00,2026-03-20 10:00:00,49.50883,87.82333333333334
CMG,2026-03-20 15:00:00,2026-03-20 10:00:00,43.96921,87.78333333333335
CMG,2026-03-20 16:00:00,2026-03-20 10:00:00,56.00415,72.96333333333334
CMG,2026-03-20 17:00:00,2026-03-20 10:00:00,59.94437,100.06333333333333
CMG,2026-03-20 18:00:00,2026-03-20 10:00:00,64.75096,102.50333333333333
CMG,2026-03-20 19:00:00,2026-03-20 10:00:00,70.7728,133.48000000000002
CMG,2026-03-20 20:00:00,2026-03-20 10:00:00,80.281105,99.14333333333333
CMG,2026-03-20 21:00:00,2026-03-20 10:00:00,78.5909,79.35000000000001
CMG,2026-03-20 22:00:00,2026-03-20 10:00:00,83.589066,92.55333333333334
CMG,2026-03-20 23:00:00,2026-03-20 10:00:00,92.603424,114.22666666666665
CMG,2026-03-21 00:00:00,2026-03-20 10:00:00,98.66728,121.71
CMG,2026-03-21 01:00:00,2026-03-20 10:00:00,83.5665,87.57333333333334
CMG,2026-03-21 02:00:00,2026-03-20 10:00:00,63.533844,55.333333333333336
CMG,2026-03-21 03:00:00,2026-03-20 10:00:00,58.66396,57.92666666666667
CMG,2026-03-21 04:00:00,2026-03-20 10:00:00,59.09147,62.26333333333333
CMG,2026-03-21 05:00:00,2026-03-20 10:00:00,60.255306,61.21333333333333
CMG,2026-03-21 06:00:00,2026-03-20 10:00:00,65.9365,56.27
CMG,2026-03-21 07:00:00,2026-03-20 10:00:00,67.38109,56.98333333333333
CMG,2026-03-21 08:00:00,2026-03-20 10:00:00,57.446583,46.31666666666666
CMG,2026-03-21 09:00:00,2026-03-20 10:00:00,56.941093,50.65
CMG,2026-03-21 10:00:00,2026-03-20 10:00:00,60.401558,57.49
CMG,2026-03-21 11:00:00,2026-03-21 10:00:00,57.52581,28.866666666666664
CMG,2026-03-21 12:00:00,2026-03-21 10:00:00,51.1181,15.670000000000002
CMG,2026-03-21 13:00:00,2026-03-21 10:00:00,48.6245,35.919999999999995
CMG,2026-03-21 14:00:00,2026-03-21 10:00:00,49.228878,31.286666666666665
CMG,2026-03-21 15:00:00,2026-03-21 10:00:00,50.84438,4.38
CMG,2026-03-21 16:00:00,2026-03-21 10:00:00,54.048046,4.523333333333333
CMG,2026-03-21 17:00:00,2026-03-21 10:00:00,53.76933,4.5200000000000005
CMG,2026-03-21 18:00:00,2026-03-21 10:00:00,60.948784,7.37
CMG,2026-03-21 19:00:00,2026-03-21 10:00:00,73.086876,22.76
CMG,2026-03-21 20:00:00,2026-03-21 10:00:00,62.60088,7.0
CMG,2026-03-21 21:00:00,2026-03-21 10:00:00,57.298744,0.0
CMG,2026-03-21 22:00:00,2026-03-21 10:00:00,70.86746,46.09
CMG,2026-03-21 23:00:00,2026-03-21 10:00:00,85.17479,46.09
CMG,2026-03-22 00:00:00,2026-03-21 10:00:00,85.89143,47.06
CMG,2026-03-22 01:00:00,2026-03-21 10:00:00,67.832344,48.01333333333333
CMG,2026-03-22 02:00:00,2026-03-21 10:00:00,53.218266,61.24666666666667
CMG,2026-03-22 03:00:00,2026-03-21 10:00:00,49.630993,52.64333333333334
CMG,2026-03-22 04:00:00,2026-03-21 10:00:00,56.763817,46.53
CMG,2026-03-22 05:00:00,2026-03-21 10:00:00,51.44158,49.629999999999995
CMG,2026-03-22 06:00:00,2026-03-21 10:00:00,45.017616,58.85666666666666
CMG,2026-03-22 07:00:00,2026-03-21 10:00:00,47.99289,57.79666666666666
CMG,2026-03-22 08:00:00,2026-03-21 10:00:00,39.32275,32.79
CMG,2026-03-22 09:00:00,2026-03-21 10:00:00,42.691727,51.02
CMG,2026-03-22 10:00:00,2026-03-21 10:00:00,43.702805,53.156666666666666
CMG,2026-03-22 11:00:00,2026-03-22 10:00:00,51.25133,52.51
CMG,2026-03-22 12:00:00,2026-03-22 10:00:00,34.650986,20.12333333333333
CMG,2026-03-22 13:00:00,2026-03-22 10:00:00,33.413887,56.17333333333334
CMG,2026-03-22 14:00:00,2026-03-22 10:00:00,25.616743,57.96
CMG,2026-03-22 15:00:00,2026-03-22 10:00:00,14.423737,53.35
CMG,2026-03-22 16:00:00,2026-03-22 10:00:00,11.202606,59.31999999999999
CMG,2026-03-22 17:00:00,2026-03-22 10:00:00,9.72039,60.14666666666667
CMG,2026-03-22 18:00:00,2026-03-22 10:00:00,19.074928,59.61333333333334
CMG,2026-03-22 19:00:00,2026-03-22 10:00:00,30.799644,58.53666666666667
CMG,2026-03-22 20:00:00,2026-03-22 10:00:00,19.26279,54.26666666666667
CMG,2026-03-22 21:00:00,2026-03-22 10:00:00,15.829918,60.78
CMG,2026-03-22 22:00:00,2026-03-22 10:00:00,33.258163,61.836666666666666
CMG,2026-03-22 23:00:00,2026-03-22 10:00:00,49.68962,51.39333333333334
CMG,2026-03-23 00:00:00,2026-03-22 10:00:00,52.668457,68.40333333333334
CMG,2026-03-23 01:00:00,2026-03-22 10:00:00,52.62469,56.56333333333333
CMG,2026-03-23 02:00:00,2026-03-22 10:00:00,45.349495,60.27666666666667
CMG,2026-03-23 03:00:00,2026-03-22 10:00:00,41.337254,52.39666666666667
CMG,2026-03-23 04:00:00,2026-03-22 10:00:00,46.216377,49.43
CMG,2026-03-23 05:00:00,2026-03-22 10:00:00,47.966312,58.906666666666666
CMG,2026-03-23 06:00:00,2026-03-22 10:00:00,46.598297,54.18666666666667
CMG,2026-03-23 07:00:00,2026-03-22 10:00:00,45.0316,48.06666666666667
CMG,2026-03-23 08:00:00,2026-03-22 10:00:00,37.62136,49.866666666666674
CMG,2026-03-23 09:00:00,2026-03-22 10:00:00,41.93932,53.156666666666666
CMG,2026-03-23 10:00:00,2026-03-22 10:00:00,41.53006,51.99666666666667
CMG,2026-03-23 11:00:00,2026-03-23 10:00:00,50.556545,59.68000000000001
CMG,2026-03-23 12:00:00,2026-03-23 10:00:00,40.627625,37.919999999999995
CMG,2026-03-23 13:00:00,2026-03-23 10:00:00,44.55546,28.096666666666664
CMG,2026-03-23 14:00:00,2026-03-23 10:00:00,49.29201,26.08666666666667
CMG,2026-03-23 15:00:00,2026-03-23 10:00:00,40.308502,26.22666666666667
CMG,2026-03-23 16:00:00,2026-03-23 10:00:00,42.001057,0.0
CMG,2026-03-23 17:00:00,2026-03-23 10:00:00,45.559685,0.0
CMG,2026-03-23 18:00:00,2026-03-23 10:00:00,49.907295,27.763333333333335
CMG,2026-03-23 19:00:00,2026-03-23 10:00:00,54.89523,27.62
CMG,2026-03-23 20:00:00,2026-03-23 10:00:00,52.238476,20.656666666666666
CMG,2026-03-23 21:00:00,2026-03-23 10:00:00,52.32763,20.263333333333332
CMG,2026-03-23 22:00:00,2026-03-23 10:00:00,64.78007,73.13333333333333
CMG,2026-03-23 23:00:00,2026-03-23 10:00:00,70.76637,73.52666666666666
CMG,2026-03-24 00:00:00,2026-03-23 10:00:00,78.57144,57.72
CMG,2026-03-24 01:00:00,2026-03-23 10:00:00,71.474014,58.416666666666664
CMG,2026-03-24 02:00:00,2026-03-23 10:00:00,70.29809,51.26333333333333
CMG,2026-03-24 03:00:00,2026-03-23 10:00:00,64.31483,53.68333333333334
CMG,2026-03-24 04:00:00,2026-03-23 10:00:00,57.507225,57.330000000000005
CMG,2026-03-24 05:00:00,2026-03-23 10:00:00,58.958103,50.903333333333336
CMG,2026-03-24 06:00:00,2026-03-23 10:00:00,62.53501,58.76333333333334
CMG,2026-03-24 07:00:00,2026-03-23 10:00:00,64.84331,64.46666666666667
CMG,2026-03-24 08:00:00,2026-03-23 10:00:00,60.634613,52.28666666666666
CMG,2026-03-24 09:00:00,2026-03-23 10:00:00,59.30215,56.46333333333333
CMG,2026-03-24 10:00:00,2026-03-23 10:00:00,60.68074,57.96333333333333
CMG,2026-03-24 11:00:00,2026-03-24 10:00:00,56.57979,81.20666666666666
CMG,2026-03-24 12:00:00,2026-03-24 10:00:00,50.430584,53.696666666666665
CMG,2026-03-24 13:00:00,2026-03-24 10:00:00,44.855766,48.13333333333333
CMG,2026-03-24 14:00:00,2026-03-24 10:00:00,48.076805,52.48333333333333
CMG,2026-03-24 15:00:00,2026-03-24 10:00:00,40.456345,51.77
CMG,2026-03-24 16:00:00,2026-03-24 10:00:00,33.33754,53.10333333333333
CMG,2026-03-24 17:00:00,2026-03-24 10:00:00,32.561634,113.76333333333332
CMG,2026-03-24 18:00:00,2026-03-24 10:00:00,43.839256,57.73333333333333
CMG,2026-03-24 19:00:00,2026-03-24 10:00:00,45.741398,63.413333333333334
CMG,2026-03-24 20:00:00,2026-03-24 10:00:00,44.51022,59.846666666666664
CMG,2026-03-24 21:00:00,2026-03-24 10:00:00,39.473885,61.75
CMG,2026-03-24 22:00:00,2026-03-24 10:00:00,58.928036,77.32666666666667
CMG,2026-03-24 23:00:00,2026-03-24 10:00:00,59.037807,82.84333333333335
CMG,2026-03-25 00:00:00,2026-03-24 10:00:00,61.66304,73.95
CMG,2026-03-25 01:00:00,2026-03-24 10:00:00,61.160767,76.76666666666667
CMG,2026-03-25 02:00:00,2026-03-24 10:00:00,53.64071,61.49
CMG,2026-03-25 03:00:00,2026-03-24 10:00:00,53.98024,57.38999999999999
CMG,2026-03-25 04:00:00,2026-03-24 10:00:00,52.06526,63.589999999999996
CMG,2026-03-25 05:00:00,2026-03-24 10:00:00,53.376022,57.70666666666667
CMG,2026-03-25 06:00:00,2026-03-24 10:00:00,52.88231,56.28333333333333
CMG,2026-03-25 07:00:00,2026-03-24 10:00:00,60.70327,57.54
CMG,2026-03-25 08:00:00,2026-03-24 10:00:00,54.464706,53.166666666666664
CMG,2026-03-25 09:00:00,2026-03-24 10:00:00,51.594242,53.919999999999995
CMG,2026-03-25 10:00:00,2026-03-24 10:00:00,51.596493,59.38999999999999
CMG,2026-03-25 11:00:00,2026-03-25 10:00:00,57.746933,68.51
CMG,2026-03-25 12:00:00,2026-03-25 10:00:00,46.531273,56.61666666666667
CMG,2026-03-25 13:00:00,2026-03-25 10:00:00,46.84443,46.93
CMG,2026-03-25 14:00:00,2026-03-25 10:00:00,53.723843,46.63333333333333
CMG,2026-03-25 15:00:00,2026-03-25 10:00:00,52.99762,48.16
CMG,2026-03-25 16:00:00,2026-03-25 10:00:00,50.475166,47.75
CMG,2026-03-25 17:00:00,2026-03-25 10:00:00,52.88668,47.723333333333336
CMG,2026-03-25 18:00:00,2026-03-25 10:00:00,49.536934,48.169999999999995
CMG,2026-03-25 19:00:00,2026-03-25 10:00:00,54.03696,52.69
CMG,2026-03-25 20:00:00,2026-03-25 10:00:00,58.86504,48.02333333333333
CMG,2026-03-25 21:00:00,2026-03-25 10:00:00,53.901993,48.57
CMG,2026-03-25 22:00:00,2026-03-25 10:00:00,73.21932,44.423333333333325
CMG,2026-03-25 23:00:00,2026-03-25 10:00:00,72.89828,61.01
CMG,2026-03-26 00:00:00,2026-03-25 10:00:00,79.55056,50.35
CMG,2026-03-26 01:00:00,2026-03-25 10:00:00,75.54718,49.24
CMG,2026-03-26 02:00:00,2026-03-25 10:00:00,69.92444,49.330000000000005
CMG,2026-03-26 03:00:00,2026-03-25 10:00:00,65.23884,54.96666666666667
CMG,2026-03-26 04:00:00,2026-03-25 10:00:00,69.122284,51.27
CMG,2026-03-26 05:00:00,2026-03-25 10:00:00,62.537357,55.553333333333335
CMG,2026-03-26 06:00:00,2026-03-25 10:00:00,62.037453,58.81
CMG,2026-03-26 07:00:00,2026-03-25 10:00:00,69.69076,54.10333333333333
CMG,2026-03-26 08:00:00,2026-03-25 10:00:00,65.441605,45.99333333333334
CMG,2026-03-26 09:00:00,2026-03-25 10:00:00,63.69508,51.129999999999995
CMG,2026-03-26 10:00:00,2026-03-25 10:00:00,68.54519,57.64000000000001
CMG,2026-03-26 11:00:00,2026-03-26 10:00:00,57.36026,46.723333333333336
CMG,2026-03-26 12:00:00,2026-03-26 10:00:00,52.96255,32.193333333333335
CMG,2026-03-26 13:00:00,2026-03-26 10:00:00,54.73023,46.34
CMG,2026-03-26 14:00:00,2026-03-26 10:00:00,56.23492,45.666666666666664
CMG,2026-03-26 15:00:00,2026-03-26 10:00:00,55.533203,19.186666666666667
CMG,2026-03-26 16:00:00,2026-03-26 10:00:00,53.63913,15.76
CMG,2026-03-26 17:00:00,2026-03-26 10:00:00,58.409943,32.809999999999995
CMG,2026-03-26 18:00:00,2026-03-26 10:00:00,59.17139,53.346666666666664
CMG,2026-03-26 19:00:00,2026-03-26 10:00:00,62.648136,54.623333333333335
CMG,2026-03-26 20:00:00,2026-03-26 10:00:00,63.564514,50.76333333333334
CMG,2026-03-26 21:00:00,2026-03-26 10:00:00,55.125957,22.680000000000003
CMG,2026-03-26 22:00:00,2026-03-26 10:00:00,63.274323,67.22
CMG,2026-03-26 23:00:00,2026-03-26 10:00:00,73.40283,62.656666666666666
CMG,2026-03-27 00:00:00,2026-03-26 10:00:00,74.39284,65.86
CMG,2026-03-27 01:00:00,2026-03-26 10:00:00,68.537415,60.79333333333333
CMG,2026-03-27 02:00:00,2026-03-26 10:00:00,57.560493,52.53
CMG,2026-03-27 03:00:00,2026-03-26 10:00:00,58.511875,60.26
CMG,2026-03-27 04:00:00,2026-03-26 10:00:00,58.498196,60.94333333333333
CMG,2026-03-27 05:00:00,2026-03-26 10:00:00,57.57874,51.156666666666666
CMG,2026-03-27 06:00:00,2026-03-26 10:00:00,54.65459,50.903333333333336
CMG,2026-03-27 07:00:00,2026-03-26 10:00:00,52.016617,63.223333333333336
CMG,2026-03-27 08:00:00,2026-03-26 10:00:00,53.707283,54.903333333333336
CMG,2026-03-27 09:00:00,2026-03-26 10:00:00,54.39595,52.553333333333335
CMG,2026-03-27 10:00:00,2026-03-26 10:00:00,50.756516,57.91
CMG,2026-03-27 11:00:00,2026-03-27 10:00:00,56.865,78.81333333333333
CMG,2026-03-27 12:00:00,2026-03-27 10:00:00,46.398605,46.24
CMG,2026-03-27 13:00:00,2026-03-27 10:00:00,45.090435,49.82333333333333
CMG,2026-03-27 14:00:00,2026-03-27 10:00:00,44.768776,70.47
CMG,2026-03-27 15:00:00,2026-03-27 10:00:00,36.479294,51.34666666666667
CMG,2026-03-27 16:00:00,2026-03-27 10:00:00,33.753567,48.03
CMG,2026-03-27 17:00:00,2026-03-27 10:00:00,38.934734,47.99
CMG,2026-03-27 18:00:00,2026-03-27 10:00:00,49.63584,65.21333333333332
CMG,2026-03-27 19:00:00,2026-03-27 10:00:00,51.640648,53.47
CMG,2026-03-27 20:00:00,2026-03-27 10:00:00,42.5768,52.089999999999996
CMG,2026-03-27 21:00:00,2026-03-27 10:00:00,36.568203,24.656666666666666
CMG,2026-03-27 22:00:00,2026-03-27 10:00:00,62.208153,66.93333333333334
CMG,2026-03-27 23:00:00,2026-03-27 10:00:00,67.52339,73.03666666666666
CMG,2026-03-28 00:00:00,2026-03-27 10:00:00,66.28553,55.48333333333333
CMG,2026-03-28 01:00:00,2026-03-27 10:00:00,61.81137,47.413333333333334
CMG,2026-03-28 02:00:00,2026-03-27 10:00:00,54.42451,54.89666666666667
CMG,2026-03-28 03:00:00,2026-03-27 10:00:00,55.22721,54.45666666666667
CMG,2026-03-28 04:00:00,2026-03-27 10:00:00,53.290478,53.22666666666667
CMG,2026-03-28 05:00:00,2026-03-27 10:00:00,57.05512,52.34
CMG,2026-03-28 06:00:00,2026-03-27 10:00:00,55.943832,48.90333333333333
CMG,2026-03-28 07:00:00,2026-03-27 10:00:00,59.240856,52.403333333333336
CMG,2026-03-28 08:00:00,2026-03-27 10:00:00,53.587357,33.556666666666665
CMG,2026-03-28 09:00:00,2026-03-27 10:00:00,55.307293,48.830000000000005
CMG,2026-03-28 10:00:00,2026-03-27 10:00:00,61.89199,45.22
CMG,2026-03-28 11:00:00,2026-03-28 10:00:00,45.77959,48.050000000000004
CMG,2026-03-28 12:00:00,2026-03-28 10:00:00,39.609253,9.833333333333334
CMG,2026-03-28 13:00:00,2026-03-28 10:00:00,47.40849,26.080000000000002
CMG,2026-03-28 14:00:00,2026-03-28 10:00:00,48.02926,26.44333333333333
CMG,2026-03-28 15:00:00,2026-03-28 10:00:00,39.564747,21.98333333333333
CMG,2026-03-28 16:00:00,2026-03-28 10:00:00,34.91392,0.0
CMG,2026-03-28 17:00:00,2026-03-28 10:00:00,43.241856,0.0
CMG,2026-03-28 18:00:00,2026-03-28 10:00:00,47.652096,0.0
CMG,2026-03-28 19:00:00,2026-03-28 10:00:00,47.24384,17.823333333333334
CMG,2026-03-28 20:00:00,2026-03-28 10:00:00,43.163662,14.483333333333334
CMG,2026-03-28 21:00:00,2026-03-28 10:00:00,37.746292,17.516666666666666
CMG,2026-03-28 22:00:00,2026-03-28 10:00:00,56.862213,15.753333333333332
CMG,2026-03-28 23:00:00,2026-03-28 10:00:00,63.569134,49.14333333333334
CMG,2026-03-29 00:00:00,2026-03-28 10:00:00,58.640152,42.73
CMG,2026-03-29 01:00:00,2026-03-28 10:00:00,58.83528,49.129999999999995
CMG,2026-03-29 02:00:00,2026-03-28 10:00:00,53.511395,50.21333333333334
CMG,2026-03-29 03:00:00,2026-03-28 10:00:00,53.638824,41.9
CMG,2026-03-29 04:00:00,2026-03-28 10:00:00,56.485085,44.593333333333334
CMG,2026-03-29 05:00:00,2026-03-28 10:00:00,53.05863,44.20666666666667
CMG,2026-03-29 06:00:00,2026-03-28 10:00:00,49.296852,43.51
CMG,2026-03-29 07:00:00,2026-03-28 10:00:00,52.115948,40.02
CMG,2026-03-29 08:00:00,2026-03-28 10:00:00,40.867878,23.876666666666665
CMG,2026-03-29 09:00:00,2026-03-28 10:00:00,47.436287,23.566666666666663
CMG,2026-03-29 10:00:00,2026-03-28 10:00:00,46.104893,24.45
CMG,2026-03-29 11:00:00,2026-03-29 10:00:00,24.651869,32.86666666666667
CMG,2026-03-29 12:00:00,2026-03-29 10:00:00,15.088772,0.0
CMG,2026-03-29 13:00:00,2026-03-29 10:00:00,19.336212,0.0
CMG,2026-03-29 14:00:00,2026-03-29 10:00:00,23.004318,0.0
CMG,2026-03-29 15:00:00,2026-03-29 10:00:00,18.356163,0.0
CMG,2026-03-29 16:00:00,2026-03-29 10:00:00,11.21587,0.0
CMG,2026-03-29 17:00:00,2026-03-29 10:00:00,17.13225,0.0
CMG,2026-03-29 18:00:00,2026-03-29 10:00:00,26.92056,6.366666666666667
CMG,2026-03-29 19:00:00,2026-03-29 10:00:00,28.584929,19.983333333333334
CMG,2026-03-29 20:00:00,2026-03-29 10:00:00,25.849794,18.69
CMG,2026-03-29 21:00:00,2026-03-29 10:00:00,17.52196,17.68
CMG,2026-03-29 22:00:00,2026-03-29 10:00:00,35.166733,55.23666666666666
CMG,2026-03-29 23:00:00,2026-03-29 10:00:00,46.925323,57.803333333333335
CMG,2026-03-30 00:00:00,2026-03-29 10:00:00,44.89091,56.5
CMG,2026-03-30 01:00:00,2026-03-29 10:00:00,47.585808,55.21333333333333
CMG,2026-03-30 02:00:00,2026-03-29 10:00:00,44.40604,55.32333333333333
CMG,2026-03-30 03:00:00,2026-03-29 10:00:00,45.982124,58.093333333333334
CMG,2026-03-30 04:00:00,2026-03-29 10:00:00,45.399353,61.24666666666667
CMG,2026-03-30 05:00:00,2026-03-29 10:00:00,44.274982,85.34333333333332
CMG,2026-03-30 06:00:00,2026-03-29 10:00:00,43.139168,60.116666666666674
CMG,2026-03-30 07:00:00,2026-03-29 10:00:00,44.87899,58.669999999999995
CMG,2026-03-30 08:00:00,2026-03-29 10:00:00,36.148045,31.61
CMG,2026-03-30 09:00:00,2026-03-29 10:00:00,40.928604,39.446666666666665
CMG,2026-03-30 10:00:00,2026-03-29 10:00:00,38.18271,43.05666666666667
CMG,2026-03-30 11:00:00,2026-03-30 10:00:00,42.802765,46.20333333333334
CMG,2026-03-30 12:00:00,2026-03-30 10:00:00,29.39167,0.0
CMG,2026-03-30 13:00:00,2026-03-30 10:00:00,29.472563,0.0
CMG,2026-03-30 14:00:00,2026-03-30 10:00:00,30.276623,0.0
CMG,2026-03-30 15:00:00,2026-03-30 10:00:00,19.757559,0.0
CMG,2026-03-30 16:00:00,2026-03-30 10:00:00,13.429478,0.0
CMG,2026-03-30 17:00:00,2026-03-30 10:00:00,18.562979,0.0
CMG,2026-03-30 18:00:00,2026-03-30 10:00:00,24.64091,23.7
CMG,2026-03-30 19:00:00,2026-03-30 10:00:00,33.3792,36.74
CMG,2026-03-30 20:00:00,2026-03-30 10:00:00,34.599396,21.923333333333332
CMG,2026-03-30 21:00:00,2026-03-30 10:00:00,35.734203,24.113333333333333
CMG,2026-03-30 22:00:00,2026-03-30 10:00:00,55.472145,66.28333333333333
CMG,2026-03-30 23:00:00,2026-03-30 10:00:00,60.46985,64.25333333333333
CMG,2026-03-31 00:00:00,2026-03-30 10:00:00,61.088554,69.03333333333333
CMG,2026-03-31 01:00:00,2026-03-30 10:00:00,65.10429,60.36333333333334
CMG,2026-03-31 02:00:00,2026-03-30 10:00:00,62.153324,59.13666666666666
CMG,2026-03-31 03:00:00,2026-03-30 10:00:00,60.8938,65.14333333333333
CMG,2026-03-31 04:00:00,2026-03-30 10:00:00,66.112656,68.33666666666666
CMG,2026-03-31 05:00:00,2026-03-30 10:00:00,64.65736,73.12333333333333
CMG,2026-03-31 06:00:00,2026-03-30 10:00:00,60.340492,72.26333333333334
CMG,2026-03-31 07:00:00,2026-03-30 10:00:00,62.10664,103.07666666666665
CMG,2026-03-31 08:00:00,2026-03-30 10:00:00,53.73054,71.60000000000001
CMG,2026-03-31 09:00:00,2026-03-30 10:00:00,53.63271,61.866666666666674
CMG,2026-03-31 10:00:00,2026-03-30 10:00:00,57.139153,93.71666666666665
CMG,2026-03-31 11:00:00,2026-03-31 10:00:00,91.24656,117.47333333333334
CMG,2026-03-31 12:00:00,2026-03-31 10:00:00,67.82359,29.776666666666667
CMG,2026-03-31 13:00:00,2026-03-31 10:00:00,56.663048,8.53
CMG,2026-03-31 14:00:00,2026-03-31 10:00:00,50.72778,26.379999999999995
CMG,2026-03-31 15:00:00,2026-03-31 10:00:00,44.773907,23.896666666666665
CMG,2026-03-31 16:00:00,2026-03-31 10:00:00,40.185677,0.0
CMG,2026-03-31 17:00:00,2026-03-31 10:00:00,38.562172,0.0
CMG,2026-03-31 18:00:00,2026-03-31 10:00:00,38.8801,21.75
CMG,2026-03-31 19:00:00,2026-03-31 10:00:00,47.088776,26.47666666666667
CMG,2026-03-31 20:00:00,2026-03-31 10:00:00,45.098072,26.646666666666665
CMG,2026-03-31 21:00:00,2026-03-31 10:00:00,39.59139,20.48
CMG,2026-03-31 22:00:00,2026-03-31 10:00:00,61.319534,64.66
CMG,2026-03-31 23:00:00,2026-03-31 10:00:00,64.94838,62.64666666666667
CMG,2026-04-01 00:00:00,2026-03-31 10:00:00,65.23121,71.85666666666667
CMG,2026-04-01 01:00:00,2026-03-31 10:00:00,71.35832,60.18
CMG,2026-04-01 02:00:00,2026-03-31 10:00:00,64.265,64.18333333333334
CMG,2026-04-01 03:00:00,2026-03-31 10:00:00,65.147156,57.72
CMG,2026-04-01 04:00:00,2026-03-31 10:00:00,71.29547,56.879999999999995
CMG,2026-04-01 05:00:00,2026-03-31 10:00:00,72.128525,58.973333333333336
CMG,2026-04-01 06:00:00,2026-03-31 10:00:00,66.58333,59.74333333333333
CMG,2026-04-01 07:00:00,2026-03-31 10:00:00,70.65567,63.87
CMG,2026-04-01 08:00:00,2026-03-31 10:00:00,62.933357,37.26
CMG,2026-04-01 09:00:00,2026-03-31 10:00:00,64.206955,55.50333333333333
CMG,2026-04-01 10:00:00,2026-03-31 10:00:00,70.86243,55.13333333333333
CMG,2026-04-01 11:00:00,2026-04-01 10:00:00,54.18088,51.666666666666664
CMG,2026-04-01 12:00:00,2026-04-01 10:00:00,31.817202,3.9
CMG,2026-04-01 13:00:00,2026-04-01 10:00:00,28.341774,28.76
CMG,2026-04-01 14:00:00,2026-04-01 10:00:00,33.22152,0.0
CMG,2026-04-01 15:00:00,2026-04-01 10:00:00,22.805689,0.0
CMG,2026-04-01 16:00:00,2026-04-01 10:00:00,15.979895,15.083333333333334
CMG,2026-04-01 17:00:00,2026-04-01 10:00:00,12.251387,13.506666666666668
CMG,2026-04-01 18:00:00,2026-04-01 10:00:00,24.46306,1.4033333333333333
CMG,2026-04-01 19:00:00,2026-04-01 10:00:00,27.284714,20.793333333333333
CMG,2026-04-01 20:00:00,2026-04-01 10:00:00,28.31924,45.663333333333334
CMG,2026-04-01 21:00:00,2026-04-01 10:00:00,28.896763,36.88
CMG,2026-04-01 22:00:00,2026-04-01 10:00:00,44.768097,57.99333333333333
CMG,2026-04-01 23:00:00,2026-04-01 10:00:00,54.304054,56.4
CMG,2026-04-02 00:00:00,2026-04-01 10:00:00,54.2987,49.419999999999995
CMG,2026-04-02 01:00:00,2026-04-01 10:00:00,57.548927,49.43
CMG,2026-04-02 02:00:00,2026-04-01 10:00:00,56.895058,52.050000000000004
CMG,2026-04-02 03:00:00,2026-04-01 10:00:00,58.89994,49.096666666666664
CMG,2026-04-02 04:00:00,2026-04-01 10:00:00,63.817314,51.59
CMG,2026-04-02 05:00:00,2026-04-01 10:00:00,62.095665,53.836666666666666
CMG,2026-04-02 06:00:00,2026-04-01 10:00:00,61.704113,57.21666666666667
CMG,2026-04-02 07:00:00,2026-04-01 10:00:00,64.09029,52.089999999999996
CMG,2026-04-02 08:00:00,2026-04-01 10:00:00,51.0038,48.075
CMG,2026-04-02 09:00:00,2026-04-01 10:00:00,55.172745,49.635
CMG,2026-04-02 10:00:00,2026-04-01 10:00:00,57.18532,58.49
